t,state,actuator_command,fired
-0.005000000000000782,IDLE,False,False
0.014999999999998792,IDLE,False,False
0.03500000000000014,IDLE,False,False
0.054999999999999716,IDLE,False,False
0.07499999999999929,IDLE,False,False
0.09499999999999886,IDLE,False,False
0.11500000000000021,IDLE,False,False
0.1349999999999998,IDLE,False,False
0.15499999999999936,IDLE,False,False
0.17499999999999893,IDLE,False,False
0.19500000000000028,IDLE,False,False
0.21499999999999986,IDLE,False,False
0.23499999999999943,IDLE,False,False
0.254999999999999,IDLE,False,False
0.27500000000000036,IDLE,False,False
0.29499999999999993,IDLE,False,False
0.3149999999999995,IDLE,False,False
0.3349999999999991,IDLE,False,False
0.3550000000000004,IDLE,False,False
0.375,IDLE,False,False
0.3949999999999996,IDLE,False,False
0.41499999999999915,IDLE,False,False
0.4350000000000005,IDLE,False,False
0.45500000000000007,IDLE,False,False
0.47499999999999964,IDLE,False,False
0.4949999999999992,IDLE,False,False
0.5149999999999988,IDLE,False,False
0.5350000000000001,IDLE,False,False
0.5549999999999997,IDLE,False,False
0.5749999999999993,IDLE,False,False
0.5949999999999989,IDLE,False,False
0.6150000000000002,IDLE,False,False
0.6349999999999998,IDLE,False,False
0.6549999999999994,IDLE,False,False
0.6749999999999989,IDLE,False,False
0.6950000000000003,IDLE,False,False
0.7149999999999999,IDLE,False,False
0.7349999999999994,IDLE,False,False
0.754999999999999,IDLE,False,False
0.7750000000000004,IDLE,False,False
0.7949999999999999,IDLE,False,False
0.8149999999999995,IDLE,False,False
0.8349999999999991,IDLE,False,False
0.8550000000000004,IDLE,False,False
0.875,IDLE,False,False
0.8949999999999996,IDLE,False,False
0.9149999999999991,IDLE,False,False
0.9350000000000005,IDLE,False,False
0.9550000000000001,IDLE,False,False
0.9749999999999996,IDLE,False,False
0.9949999999999992,IDLE,False,False
1.0149999999999988,IDLE,False,False
1.0350000000000001,IDLE,False,False
1.0549999999999997,IDLE,False,False
1.0749999999999993,IDLE,False,False
1.0949999999999989,IDLE,False,False
1.1150000000000002,IDLE,False,False
1.1349999999999998,IDLE,False,False
1.1549999999999994,IDLE,False,False
1.174999999999999,IDLE,False,False
1.1950000000000003,IDLE,False,False
1.2149999999999999,IDLE,False,False
1.2349999999999994,IDLE,False,False
1.254999999999999,IDLE,False,False
1.2750000000000004,IDLE,False,False
1.295,IDLE,False,False
1.3149999999999995,IDLE,False,False
1.334999999999999,IDLE,False,False
1.3550000000000004,IDLE,False,False
1.375,IDLE,False,False
1.3949999999999996,IDLE,False,False
1.4149999999999991,IDLE,False,False
1.4350000000000005,IDLE,False,False
1.455,IDLE,False,False
1.4749999999999996,IDLE,False,False
1.4949999999999992,IDLE,False,False
1.5149999999999988,IDLE,False,False
1.5350000000000001,IDLE,False,False
1.5549999999999997,IDLE,False,False
1.5749999999999993,IDLE,False,False
1.5949999999999989,IDLE,False,False
1.6150000000000002,IDLE,False,False
1.6349999999999998,IDLE,False,False
1.6549999999999994,IDLE,False,False
1.674999999999999,IDLE,False,False
1.6950000000000003,IDLE,False,False
1.7149999999999999,IDLE,False,False
1.7349999999999994,IDLE,False,False
1.754999999999999,IDLE,False,False
1.7750000000000004,IDLE,False,False
1.795,IDLE,False,False
1.8149999999999995,IDLE,False,False
1.834999999999999,IDLE,False,False
1.8550000000000004,IDLE,False,False
1.875,IDLE,False,False
1.8949999999999996,IDLE,False,False
1.9149999999999991,IDLE,False,False
1.9350000000000005,IDLE,False,False
1.955,IDLE,False,False
1.9749999999999996,IDLE,False,False
1.9949999999999992,IDLE,False,False
2.014999999999999,IDLE,False,False
2.035,IDLE,False,False
2.0549999999999997,IDLE,False,False
2.0749999999999993,IDLE,False,False
2.094999999999999,IDLE,False,False
2.115,IDLE,False,False
2.135,IDLE,False,False
2.1549999999999994,IDLE,False,False
2.174999999999999,IDLE,False,False
2.1950000000000003,IDLE,False,False
2.215,IDLE,False,False
2.2349999999999994,IDLE,False,False
2.254999999999999,IDLE,False,False
2.2750000000000004,IDLE,False,False
2.295,IDLE,False,False
2.3149999999999995,IDLE,False,False
2.334999999999999,IDLE,False,False
2.3550000000000004,IDLE,False,False
2.375,IDLE,False,False
2.3949999999999996,IDLE,False,False
2.414999999999999,IDLE,False,False
2.4350000000000005,IDLE,False,False
2.455,IDLE,False,False
2.4749999999999996,IDLE,False,False
2.494999999999999,IDLE,False,False
2.514999999999999,IDLE,False,False
2.5349999999999984,IDLE,False,False
2.554999999999998,IDLE,False,False
2.575000000000001,IDLE,False,False
2.5950000000000006,IDLE,False,False
2.615,IDLE,False,False
2.635,IDLE,False,False
2.6549999999999994,IDLE,False,False
2.674999999999999,IDLE,False,False
2.6949999999999985,IDLE,False,False
2.714999999999998,IDLE,False,False
2.735000000000001,IDLE,False,False
2.755000000000001,IDLE,False,False
2.7750000000000004,IDLE,False,False
2.795,IDLE,False,False
2.8149999999999995,IDLE,False,False
2.834999999999999,IDLE,False,False
2.8549999999999986,IDLE,False,False
2.8749999999999982,IDLE,False,False
2.8950000000000014,IDLE,False,False
2.915000000000001,IDLE,False,False
2.9350000000000005,IDLE,False,False
2.955,IDLE,False,False
2.9749999999999996,IDLE,False,False
2.994999999999999,IDLE,False,False
3.014999999999999,IDLE,False,False
3.0349999999999984,IDLE,False,False
3.054999999999998,IDLE,False,False
3.075000000000001,IDLE,False,False
3.0950000000000006,IDLE,False,False
3.115,IDLE,False,False
3.135,IDLE,False,False
3.1549999999999994,IDLE,False,False
3.174999999999999,IDLE,False,False
3.1949999999999985,IDLE,False,False
3.214999999999998,IDLE,False,False
3.235000000000001,IDLE,False,False
3.255000000000001,IDLE,False,False
3.2750000000000004,IDLE,False,False
3.295,IDLE,False,False
3.3149999999999995,IDLE,False,False
3.334999999999999,IDLE,False,False
3.3549999999999986,IDLE,False,False
3.3749999999999982,IDLE,False,False
3.3950000000000014,IDLE,False,False
3.415000000000001,IDLE,False,False
3.4350000000000005,IDLE,False,False
3.455,IDLE,False,False
3.4749999999999996,IDLE,False,False
3.494999999999999,IDLE,False,False
3.514999999999999,IDLE,False,False
3.5349999999999984,IDLE,False,False
3.554999999999998,IDLE,False,False
3.575000000000001,IDLE,False,False
3.5950000000000006,IDLE,False,False
3.615,IDLE,False,False
3.635,IDLE,False,False
3.6549999999999994,IDLE,False,False
3.674999999999999,IDLE,False,False
3.6949999999999985,IDLE,False,False
3.714999999999998,IDLE,False,False
3.735000000000001,IDLE,False,False
3.755000000000001,IDLE,False,False
3.7750000000000004,IDLE,False,False
3.795,IDLE,False,False
3.8149999999999995,IDLE,False,False
3.834999999999999,IDLE,False,False
3.8549999999999986,IDLE,False,False
3.8749999999999982,IDLE,False,False
3.8950000000000014,IDLE,False,False
3.915000000000001,IDLE,False,False
3.9350000000000005,IDLE,False,False
3.955,IDLE,False,False
3.9749999999999996,IDLE,False,False
3.994999999999999,IDLE,False,False
4.014999999999999,IDLE,False,False
4.034999999999998,IDLE,False,False
4.054999999999998,IDLE,False,False
4.075000000000001,IDLE,False,False
4.095000000000001,IDLE,False,False
4.115,IDLE,False,False
4.135,IDLE,False,False
4.154999999999999,IDLE,False,False
4.174999999999999,IDLE,False,False
4.1949999999999985,IDLE,False,False
4.214999999999998,IDLE,False,False
4.235000000000001,IDLE,False,False
4.255000000000001,IDLE,False,False
4.275,IDLE,False,False
4.295,IDLE,False,False
4.3149999999999995,IDLE,False,False
4.334999999999999,IDLE,False,False
4.354999999999999,IDLE,False,False
4.374999999999998,IDLE,False,False
4.395000000000001,IDLE,False,False
4.415000000000001,IDLE,False,False
4.4350000000000005,IDLE,False,False
4.455,IDLE,False,False
4.475,IDLE,False,False
4.494999999999999,IDLE,False,False
4.514999999999999,IDLE,False,False
4.536,IDLE,False,False
4.554999999999998,IDLE,False,False
4.575000000000001,IDLE,False,False
4.595000000000001,IDLE,False,False
4.615,IDLE,False,False
4.635,IDLE,False,False
4.654999999999999,IDLE,False,False
4.674999999999999,IDLE,False,False
4.6949999999999985,IDLE,False,False
4.714999999999998,IDLE,False,False
4.735000000000001,IDLE,False,False
4.755000000000001,IDLE,False,False
4.775,IDLE,False,False
4.795,IDLE,False,False
4.8149999999999995,IDLE,False,False
4.834999999999999,IDLE,False,False
4.854999999999999,IDLE,False,False
4.874999999999998,IDLE,False,False
4.895000000000001,IDLE,False,False
4.915000000000001,IDLE,False,False
4.9350000000000005,IDLE,False,False
4.955,IDLE,False,False
4.975,IDLE,False,False
4.994999999999999,IDLE,False,False
5.014999999999999,IDLE,False,False
5.036,IDLE,False,False
5.054999999999998,IDLE,False,False
5.075000000000001,IDLE,False,False
5.095000000000001,IDLE,False,False
5.115,IDLE,False,False
5.135,IDLE,False,False
5.154999999999999,IDLE,False,False
5.174999999999999,IDLE,False,False
5.1949999999999985,IDLE,False,False
5.214999999999998,IDLE,False,False
5.235000000000001,IDLE,False,False
5.255000000000001,IDLE,False,False
5.275,IDLE,False,False
5.295,IDLE,False,False
5.3149999999999995,IDLE,False,False
5.334999999999999,IDLE,False,False
5.354999999999999,IDLE,False,False
5.374999999999998,IDLE,False,False
5.395000000000001,IDLE,False,False
5.415000000000001,IDLE,False,False
5.4350000000000005,IDLE,False,False
5.455,IDLE,False,False
5.475,IDLE,False,False
5.494999999999999,IDLE,False,False
5.514999999999999,IDLE,False,False
5.534999999999998,IDLE,False,False
5.554999999999998,IDLE,False,False
5.575000000000001,IDLE,False,False
5.595000000000001,IDLE,False,False
5.615,IDLE,False,False
5.635,IDLE,False,False
5.654999999999999,IDLE,False,False
5.674999999999999,IDLE,False,False
5.6949999999999985,IDLE,False,False
5.714999999999998,IDLE,False,False
5.735000000000001,IDLE,False,False
5.755000000000001,IDLE,False,False
5.775,IDLE,False,False
5.795,IDLE,False,False
5.8149999999999995,IDLE,False,False
5.834999999999999,IDLE,False,False
5.854999999999999,IDLE,False,False
5.874999999999998,IDLE,False,False
5.895000000000001,IDLE,False,False
5.915000000000001,IDLE,False,False
5.9350000000000005,IDLE,False,False
5.955,IDLE,False,False
5.975,IDLE,False,False
5.994999999999999,IDLE,False,False
6.014999999999999,IDLE,False,False
6.034999999999998,IDLE,False,False
6.054999999999998,IDLE,False,False
6.075000000000001,IDLE,False,False
6.095000000000001,IDLE,False,False
6.115,IDLE,False,False
6.135,IDLE,False,False
6.154999999999999,IDLE,False,False
6.174999999999999,IDLE,False,False
6.1949999999999985,IDLE,False,False
6.214999999999998,IDLE,False,False
6.235000000000001,IDLE,False,False
6.255000000000001,IDLE,False,False
6.275,IDLE,False,False
6.295,IDLE,False,False
6.3149999999999995,IDLE,False,False
6.334999999999999,IDLE,False,False
6.354999999999999,IDLE,False,False
6.374999999999998,IDLE,False,False
6.395000000000001,IDLE,False,False
6.415000000000001,IDLE,False,False
6.4350000000000005,IDLE,False,False
6.455,IDLE,False,False
6.475,IDLE,False,False
6.494999999999999,IDLE,False,False
6.514999999999999,IDLE,False,False
6.534999999999998,IDLE,False,False
6.554999999999998,IDLE,False,False
6.575000000000001,IDLE,False,False
6.595000000000001,IDLE,False,False
6.615,IDLE,False,False
6.635,IDLE,False,False
6.654999999999999,IDLE,False,False
6.674999999999999,IDLE,False,False
6.6949999999999985,IDLE,False,False
6.714999999999998,IDLE,False,False
6.735000000000001,IDLE,False,False
6.755000000000001,IDLE,False,False
6.775,IDLE,False,False
6.795,IDLE,False,False
6.8149999999999995,IDLE,False,False
6.834999999999999,IDLE,False,False
6.854999999999999,IDLE,False,False
6.874999999999998,IDLE,False,False
6.895000000000001,IDLE,False,False
6.915000000000001,IDLE,False,False
6.9350000000000005,IDLE,False,False
6.955,IDLE,False,False
6.975,IDLE,False,False
6.994999999999999,IDLE,False,False
7.014999999999999,IDLE,False,False
7.034999999999998,IDLE,False,False
7.054999999999998,IDLE,False,False
7.075000000000001,IDLE,False,False
7.095999999999998,IDLE,False,False
7.115,IDLE,False,False
7.135,IDLE,False,False
7.154999999999999,IDLE,False,False
7.174999999999999,IDLE,False,False
7.1949999999999985,IDLE,False,False
7.214999999999998,IDLE,False,False
7.235000000000001,IDLE,False,False
7.255000000000001,IDLE,False,False
7.275,IDLE,False,False
7.295,IDLE,False,False
7.3149999999999995,IDLE,False,False
7.334999999999999,IDLE,False,False
7.354999999999999,IDLE,False,False
7.374999999999998,IDLE,False,False
7.395000000000001,IDLE,False,False
7.415000000000001,IDLE,False,False
7.436999999999999,IDLE,False,False
7.455,IDLE,False,False
7.475,IDLE,False,False
7.494999999999999,IDLE,False,False
7.514999999999999,IDLE,False,False
7.534999999999998,IDLE,False,False
7.554999999999998,IDLE,False,False
7.575000000000001,IDLE,False,False
7.595000000000001,IDLE,False,False
7.615,IDLE,False,False
7.635,IDLE,False,False
7.654999999999999,IDLE,False,False
7.674999999999999,IDLE,False,False
7.6949999999999985,IDLE,False,False
7.714999999999998,IDLE,False,False
7.735000000000001,IDLE,False,False
7.755000000000001,IDLE,False,False
7.775,IDLE,False,False
7.795,IDLE,False,False
7.8149999999999995,IDLE,False,False
7.834999999999999,IDLE,False,False
7.854999999999999,IDLE,False,False
7.874999999999998,IDLE,False,False
7.895000000000001,IDLE,False,False
7.915000000000001,IDLE,False,False
7.9350000000000005,IDLE,False,False
7.955,IDLE,False,False
7.975,IDLE,False,False
7.994999999999999,IDLE,False,False
8.014999999999999,IDLE,False,False
8.034999999999998,IDLE,False,False
8.054999999999998,IDLE,False,False
8.075000000000001,IDLE,False,False
8.095,IDLE,False,False
8.115,IDLE,False,False
8.135,IDLE,False,False
8.155,IDLE,False,False
8.174999999999999,IDLE,False,False
8.194999999999999,IDLE,False,False
8.214999999999998,IDLE,False,False
8.235000000000001,IDLE,False,False
8.255,IDLE,False,False
8.275,IDLE,False,False
8.295,IDLE,False,False
8.315,IDLE,False,False
8.334999999999999,IDLE,False,False
8.354999999999999,IDLE,False,False
8.374999999999998,IDLE,False,False
8.395000000000001,IDLE,False,False
8.415000000000001,IDLE,False,False
8.435,IDLE,False,False
8.455,IDLE,False,False
8.475,IDLE,False,False
8.495,IDLE,False,False
8.514999999999999,IDLE,False,False
8.534999999999998,IDLE,False,False
8.554999999999998,IDLE,False,False
8.575000000000001,IDLE,False,False
8.595,IDLE,False,False
8.615999999999998,IDLE,False,False
8.635,IDLE,False,False
8.655,IDLE,False,False
8.674999999999999,IDLE,False,False
8.694999999999999,IDLE,False,False
8.714999999999998,IDLE,False,False
8.735000000000001,IDLE,False,False
8.755,IDLE,False,False
8.775,IDLE,False,False
8.795,IDLE,False,False
8.815,IDLE,False,False
8.834999999999999,IDLE,False,False
8.854999999999999,IDLE,False,False
8.874999999999998,IDLE,False,False
8.895000000000001,IDLE,False,False
8.915000000000001,IDLE,False,False
8.935,IDLE,False,False
8.955,IDLE,False,False
8.975,IDLE,False,False
8.995,IDLE,False,False
9.014999999999999,IDLE,False,False
9.034999999999998,IDLE,False,False
9.054999999999998,IDLE,False,False
9.075000000000001,IDLE,False,False
9.095,IDLE,False,False
9.115,IDLE,False,False
9.135,IDLE,False,False
9.155,IDLE,False,False
9.174999999999999,IDLE,False,False
9.194999999999999,IDLE,False,False
9.214999999999998,IDLE,False,False
9.235000000000001,IDLE,False,False
9.255,IDLE,False,False
9.275,IDLE,False,False
9.295,IDLE,False,False
9.315,IDLE,False,False
9.334999999999999,IDLE,False,False
9.354999999999999,IDLE,False,False
9.374999999999998,IDLE,False,False
9.395000000000001,IDLE,False,False
9.415000000000001,IDLE,False,False
9.435,IDLE,False,False
9.455,IDLE,False,False
9.475,IDLE,False,False
9.495,IDLE,False,False
9.514999999999999,IDLE,False,False
9.534999999999998,IDLE,False,False
9.554999999999998,IDLE,False,False
9.575000000000001,IDLE,False,False
9.595,IDLE,False,False
9.615,IDLE,False,False
9.635,IDLE,False,False
9.655,IDLE,False,False
9.674999999999999,IDLE,False,False
9.694999999999999,IDLE,False,False
9.714999999999998,IDLE,False,False
9.735000000000001,IDLE,False,False
9.755,IDLE,False,False
9.775,IDLE,False,False
9.795,IDLE,False,False
9.815,IDLE,False,False
9.834999999999999,IDLE,False,False
9.854999999999999,IDLE,False,False
9.876,IDLE,False,False
9.895000000000001,IDLE,False,False
9.915000000000001,IDLE,False,False
9.935,IDLE,False,False
9.955,IDLE,False,False
9.975,IDLE,False,False
9.995,IDLE,False,False
10.014999999999999,IDLE,False,False
10.034999999999998,IDLE,False,False
10.054999999999998,IDLE,False,False
10.075000000000001,IDLE,False,False
10.095,IDLE,False,False
10.115,IDLE,False,False
10.135,IDLE,False,False
10.155,IDLE,False,False
10.174999999999999,IDLE,False,False
10.194999999999999,IDLE,False,False
10.214999999999998,IDLE,False,False
10.235000000000001,IDLE,False,False
10.255,IDLE,False,False
10.275,IDLE,False,False
10.295,IDLE,False,False
10.315,IDLE,False,False
10.334999999999999,IDLE,False,False
10.354999999999999,IDLE,False,False
10.374999999999998,IDLE,False,False
10.395000000000001,IDLE,False,False
10.415000000000001,IDLE,False,False
10.435,IDLE,False,False
10.455,IDLE,False,False
10.475,IDLE,False,False
10.495,IDLE,False,False
10.514999999999999,IDLE,False,False
10.534999999999998,IDLE,False,False
10.554999999999998,IDLE,False,False
10.575000000000001,IDLE,False,False
10.595,IDLE,False,False
10.615,IDLE,False,False
10.635,IDLE,False,False
10.655,IDLE,False,False
10.674999999999999,IDLE,False,False
10.694999999999999,IDLE,False,False
10.714999999999998,IDLE,False,False
10.735000000000001,IDLE,False,False
10.755,IDLE,False,False
10.775,IDLE,False,False
10.795,IDLE,False,False
10.815,IDLE,False,False
10.834999999999999,IDLE,False,False
10.854999999999999,IDLE,False,False
10.874999999999998,IDLE,False,False
10.895000000000001,IDLE,False,False
10.915000000000001,IDLE,False,False
10.935,IDLE,False,False
10.955,IDLE,False,False
10.975,IDLE,False,False
10.995,IDLE,False,False
11.014999999999999,IDLE,False,False
11.034999999999998,IDLE,False,False
11.054999999999998,IDLE,False,False
11.075000000000001,IDLE,False,False
11.095,IDLE,False,False
11.115,IDLE,False,False
11.135,IDLE,False,False
11.155,IDLE,False,False
11.174999999999999,IDLE,False,False
11.194999999999999,IDLE,False,False
11.214999999999998,IDLE,False,False
11.235000000000001,IDLE,False,False
11.255,IDLE,False,False
11.275,IDLE,False,False
11.295,IDLE,False,False
11.315,IDLE,False,False
11.334999999999999,IDLE,False,False
11.354999999999999,IDLE,False,False
11.374999999999998,IDLE,False,False
11.395000000000001,IDLE,False,False
11.415000000000001,IDLE,False,False
11.435,IDLE,False,False
11.455,IDLE,False,False
11.475,IDLE,False,False
11.495,IDLE,False,False
11.514999999999999,IDLE,False,False
11.534999999999998,IDLE,False,False
11.554999999999998,IDLE,False,False
11.575000000000001,IDLE,False,False
11.595,IDLE,False,False
11.615,IDLE,False,False
11.635,IDLE,False,False
11.655,IDLE,False,False
11.674999999999999,IDLE,False,False
11.694999999999999,IDLE,False,False
11.714999999999998,IDLE,False,False
11.735000000000001,IDLE,False,False
11.755,IDLE,False,False
11.775,IDLE,False,False
11.795,IDLE,False,False
11.815,IDLE,False,False
11.834999999999999,IDLE,False,False
11.854999999999999,IDLE,False,False
11.874999999999998,IDLE,False,False
11.895000000000001,IDLE,False,False
11.915000000000001,IDLE,False,False
11.935,IDLE,False,False
11.955,IDLE,False,False
11.975,IDLE,False,False
11.995,IDLE,False,False
12.014999999999999,IDLE,False,False
12.034999999999998,IDLE,False,False
12.054999999999998,IDLE,False,False
12.075000000000001,IDLE,False,False
12.095,IDLE,False,False
12.115,IDLE,False,False
12.135,IDLE,False,False
12.155,IDLE,False,False
12.174999999999999,IDLE,False,False
12.194999999999999,IDLE,False,False
12.214999999999998,IDLE,False,False
12.235000000000001,IDLE,False,False
12.255,IDLE,False,False
12.275,IDLE,False,False
12.295,IDLE,False,False
12.315,IDLE,False,False
12.334999999999999,IDLE,False,False
12.354999999999999,IDLE,False,False
12.374999999999998,IDLE,False,False
12.395000000000001,IDLE,False,False
12.415000000000001,IDLE,False,False
12.435,IDLE,False,False
12.455,IDLE,False,False
12.475,IDLE,False,False
12.495,IDLE,False,False
12.514999999999999,IDLE,False,False
12.534999999999998,IDLE,False,False
12.554999999999998,IDLE,False,False
12.575000000000001,IDLE,False,False
12.595,IDLE,False,False
12.615,IDLE,False,False
12.635,IDLE,False,False
12.655,IDLE,False,False
12.674999999999999,IDLE,False,False
12.694999999999999,IDLE,False,False
12.714999999999998,IDLE,False,False
12.735000000000001,IDLE,False,False
12.755,IDLE,False,False
12.775,IDLE,False,False
12.795,IDLE,False,False
12.815,IDLE,False,False
12.834999999999999,IDLE,False,False
12.854999999999999,IDLE,False,False
12.874999999999998,IDLE,False,False
12.895000000000001,IDLE,False,False
12.915000000000001,IDLE,False,False
12.935,IDLE,False,False
12.955,IDLE,False,False
12.975,IDLE,False,False
12.995,IDLE,False,False
13.014999999999999,IDLE,False,False
13.034999999999998,IDLE,False,False
13.054999999999998,IDLE,False,False
13.075000000000001,IDLE,False,False
13.095,IDLE,False,False
13.115,IDLE,False,False
13.135,IDLE,False,False
13.155,IDLE,False,False
13.174999999999999,IDLE,False,False
13.194999999999999,IDLE,False,False
13.214999999999998,IDLE,False,False
13.235000000000001,IDLE,False,False
13.255,IDLE,False,False
13.275,IDLE,False,False
13.296000000000001,IDLE,False,False
13.315,IDLE,False,False
13.334999999999999,IDLE,False,False
13.354999999999999,IDLE,False,False
13.374999999999998,IDLE,False,False
13.395000000000001,IDLE,False,False
13.415000000000001,IDLE,False,False
13.435,IDLE,False,False
13.455,IDLE,False,False
13.475,IDLE,False,False
13.495,IDLE,False,False
13.514999999999999,IDLE,False,False
13.534999999999998,IDLE,False,False
13.554999999999998,IDLE,False,False
13.575000000000001,IDLE,False,False
13.595,IDLE,False,False
13.615,IDLE,False,False
13.635,IDLE,False,False
13.655,IDLE,False,False
13.674999999999999,IDLE,False,False
13.694999999999999,IDLE,False,False
13.714999999999998,IDLE,False,False
13.735000000000001,IDLE,False,False
13.755,IDLE,False,False
13.775,IDLE,False,False
13.795,IDLE,False,False
13.815,IDLE,False,False
13.834999999999999,IDLE,False,False
13.854999999999999,IDLE,False,False
13.874999999999998,IDLE,False,False
13.895000000000001,IDLE,False,False
13.915000000000001,IDLE,False,False
13.935,IDLE,False,False
13.955,IDLE,False,False
13.975,IDLE,False,False
13.995,IDLE,False,False
14.014999999999999,IDLE,False,False
14.034999999999998,IDLE,False,False
14.054999999999998,IDLE,False,False
14.075000000000001,IDLE,False,False
14.095,IDLE,False,False
14.115,IDLE,False,False
14.135,IDLE,False,False
14.155,IDLE,False,False
14.174999999999999,IDLE,False,False
14.194999999999999,IDLE,False,False
14.214999999999998,IDLE,False,False
14.235000000000001,IDLE,False,False
14.255,IDLE,False,False
14.275,IDLE,False,False
14.295,IDLE,False,False
14.315,IDLE,False,False
14.334999999999999,IDLE,False,False
14.354999999999999,IDLE,False,False
14.374999999999998,IDLE,False,False
14.395000000000001,IDLE,False,False
14.415000000000001,IDLE,False,False
14.435,IDLE,False,False
14.455,IDLE,False,False
14.475,IDLE,False,False
14.495,IDLE,False,False
14.514999999999999,IDLE,False,False
14.534999999999998,IDLE,False,False
14.554999999999998,IDLE,False,False
14.575000000000001,IDLE,False,False
14.595,IDLE,False,False
14.615,IDLE,False,False
14.635,IDLE,False,False
14.655,IDLE,False,False
14.676,IDLE,False,False
14.694999999999999,IDLE,False,False
14.714999999999998,IDLE,False,False
14.735000000000001,IDLE,False,False
14.755,IDLE,False,False
14.775,IDLE,False,False
14.795,IDLE,False,False
14.815,IDLE,False,False
14.834999999999999,IDLE,False,False
14.854999999999999,IDLE,False,False
14.876,IDLE,False,False
14.895000000000001,IDLE,False,False
14.915000000000001,IDLE,False,False
14.935,IDLE,False,False
14.955,IDLE,False,False
14.975,IDLE,False,False
14.995,IDLE,False,False
15.014999999999999,IDLE,False,False
15.034999999999998,IDLE,False,False
15.054999999999998,IDLE,False,False
15.075000000000001,IDLE,False,False
15.095,IDLE,False,False
15.115,IDLE,False,False
15.135,IDLE,False,False
15.155,IDLE,False,False
15.174999999999999,IDLE,False,False
15.194999999999999,IDLE,False,False
15.214999999999998,IDLE,False,False
15.235000000000001,IDLE,False,False
15.255,IDLE,False,False
15.275,IDLE,False,False
15.295,IDLE,False,False
15.315,IDLE,False,False
15.334999999999999,IDLE,False,False
15.354999999999999,IDLE,False,False
15.374999999999998,IDLE,False,False
15.395000000000001,IDLE,False,False
15.415000000000001,IDLE,False,False
15.435,IDLE,False,False
15.455,IDLE,False,False
15.475,IDLE,False,False
15.495,IDLE,False,False
15.514999999999999,IDLE,False,False
15.534999999999998,IDLE,False,False
15.554999999999998,IDLE,False,False
15.575000000000001,IDLE,False,False
15.595,IDLE,False,False
15.615,IDLE,False,False
15.635,IDLE,False,False
15.655,IDLE,False,False
15.674999999999999,IDLE,False,False
15.694999999999999,IDLE,False,False
15.714999999999998,IDLE,False,False
15.735000000000001,IDLE,False,False
15.755,IDLE,False,False
15.775,IDLE,False,False
15.795,IDLE,False,False
15.815,IDLE,False,False
15.834999999999999,IDLE,False,False
15.854999999999999,IDLE,False,False
15.874999999999998,IDLE,False,False
15.895000000000001,IDLE,False,False
15.915000000000001,IDLE,False,False
15.935,IDLE,False,False
15.955,IDLE,False,False
15.975,IDLE,False,False
15.995,IDLE,False,False
16.015,IDLE,False,False
16.034999999999997,IDLE,False,False
16.055,IDLE,False,False
16.075000000000003,IDLE,False,False
16.095,IDLE,False,False
16.115000000000002,IDLE,False,False
16.134999999999998,IDLE,False,False
16.155,IDLE,False,False
16.174999999999997,IDLE,False,False
16.195,IDLE,False,False
16.214999999999996,IDLE,False,False
16.235,IDLE,False,False
16.255000000000003,IDLE,False,False
16.275,IDLE,False,False
16.295,IDLE,False,False
16.314999999999998,IDLE,False,False
16.335,IDLE,False,False
16.354999999999997,IDLE,False,False
16.375,IDLE,False,False
16.395000000000003,IDLE,False,False
16.415,IDLE,False,False
16.435000000000002,IDLE,False,False
16.455,IDLE,False,False
16.475,IDLE,False,False
16.494999999999997,IDLE,False,False
16.515,IDLE,False,False
16.534999999999997,IDLE,False,False
16.555,IDLE,False,False
16.575000000000003,IDLE,False,False
16.595,IDLE,False,False
16.615000000000002,IDLE,False,False
16.634999999999998,IDLE,False,False
16.655,IDLE,False,False
16.674999999999997,IDLE,False,False
16.695,IDLE,False,False
16.714999999999996,IDLE,False,False
16.735,IDLE,False,False
16.755000000000003,IDLE,False,False
16.775,IDLE,False,False
16.795,IDLE,False,False
16.814999999999998,IDLE,False,False
16.835,IDLE,False,False
16.854999999999997,IDLE,False,False
16.875,IDLE,False,False
16.895000000000003,IDLE,False,False
16.915,IDLE,False,False
16.935000000000002,IDLE,False,False
16.955,IDLE,False,False
16.975,IDLE,False,False
16.994999999999997,IDLE,False,False
17.015,IDLE,False,False
17.034999999999997,IDLE,False,False
17.055,IDLE,False,False
17.075000000000003,IDLE,False,False
17.095,IDLE,False,False
17.115000000000002,IDLE,False,False
17.134999999999998,IDLE,False,False
17.155,IDLE,False,False
17.174999999999997,IDLE,False,False
17.195,IDLE,False,False
17.214999999999996,IDLE,False,False
17.235,IDLE,False,False
17.255000000000003,IDLE,False,False
17.275,IDLE,False,False
17.295,IDLE,False,False
17.314999999999998,IDLE,False,False
17.335,IDLE,False,False
17.354999999999997,IDLE,False,False
17.375,IDLE,False,False
17.395000000000003,IDLE,False,False
17.415,IDLE,False,False
17.435000000000002,IDLE,False,False
17.455,IDLE,False,False
17.475,IDLE,False,False
17.494999999999997,IDLE,False,False
17.515,IDLE,False,False
17.534999999999997,IDLE,False,False
17.555,IDLE,False,False
17.575000000000003,IDLE,False,False
17.595,IDLE,False,False
17.615000000000002,IDLE,False,False
17.634999999999998,IDLE,False,False
17.655,IDLE,False,False
17.674999999999997,IDLE,False,False
17.695,IDLE,False,False
17.714999999999996,IDLE,False,False
17.735,IDLE,False,False
17.755000000000003,IDLE,False,False
17.775,IDLE,False,False
17.795,IDLE,False,False
17.814999999999998,IDLE,False,False
17.835,IDLE,False,False
17.856,IDLE,False,False
17.875,IDLE,False,False
17.895000000000003,IDLE,False,False
17.915,IDLE,False,False
17.935000000000002,IDLE,False,False
17.955,IDLE,False,False
17.975,IDLE,False,False
17.994999999999997,IDLE,False,False
18.015,IDLE,False,False
18.034999999999997,IDLE,False,False
18.055,IDLE,False,False
18.075000000000003,IDLE,False,False
18.095999999999997,IDLE,False,False
18.116,IDLE,False,False
18.134999999999998,IDLE,False,False
18.155,IDLE,False,False
18.174999999999997,IDLE,False,False
18.195,IDLE,False,False
18.214999999999996,IDLE,False,False
18.235,IDLE,False,False
18.255000000000003,IDLE,False,False
18.275,IDLE,False,False
18.295,IDLE,False,False
18.314999999999998,IDLE,False,False
18.335,IDLE,False,False
18.354999999999997,IDLE,False,False
18.375,IDLE,False,False
18.395000000000003,IDLE,False,False
18.415,IDLE,False,False
18.435000000000002,IDLE,False,False
18.455,IDLE,False,False
18.475,IDLE,False,False
18.495000000000005,IDLE,False,False
18.515,IDLE,False,False
18.535000000000004,IDLE,False,False
18.555,IDLE,False,False
18.575000000000003,IDLE,False,False
18.595,IDLE,False,False
18.615000000000002,IDLE,False,False
18.634999999999998,IDLE,False,False
18.655,IDLE,False,False
18.675000000000004,IDLE,False,False
18.695,IDLE,False,False
18.715000000000003,IDLE,False,False
18.735,IDLE,False,False
18.755000000000003,IDLE,False,False
18.775,IDLE,False,False
18.795,IDLE,False,False
18.815000000000005,IDLE,False,False
18.835,IDLE,False,False
18.855000000000004,IDLE,False,False
18.875,IDLE,False,False
18.895000000000003,IDLE,False,False
18.915,IDLE,False,False
18.935000000000002,IDLE,False,False
18.955,IDLE,False,False
18.975,IDLE,False,False
18.995000000000005,IDLE,False,False
19.015,IDLE,False,False
19.035000000000004,IDLE,False,False
19.055,IDLE,False,False
19.075000000000003,IDLE,False,False
19.095,IDLE,False,False
19.115000000000002,IDLE,False,False
19.134999999999998,IDLE,False,False
19.155,IDLE,False,False
19.175000000000004,IDLE,False,False
19.195,IDLE,False,False
19.215000000000003,IDLE,False,False
19.235,IDLE,False,False
19.255000000000003,IDLE,False,False
19.275,IDLE,False,False
19.295,IDLE,False,False
19.315000000000005,IDLE,False,False
19.335,IDLE,False,False
19.355000000000004,IDLE,False,False
19.375,IDLE,False,False
19.395000000000003,IDLE,False,False
19.415,IDLE,False,False
19.435000000000002,IDLE,False,False
19.455,IDLE,False,False
19.475,IDLE,False,False
19.495000000000005,IDLE,False,False
19.515,IDLE,False,False
19.535000000000004,IDLE,False,False
19.555,IDLE,False,False
19.575000000000003,IDLE,False,False
19.595,IDLE,False,False
19.615000000000002,IDLE,False,False
19.634999999999998,IDLE,False,False
19.655,IDLE,False,False
19.675000000000004,IDLE,False,False
19.695,IDLE,False,False
19.715000000000003,IDLE,False,False
19.735,IDLE,False,False
19.755000000000003,IDLE,False,False
19.775,IDLE,False,False
19.795,IDLE,False,False
19.815000000000005,IDLE,False,False
19.835,IDLE,False,False
19.855000000000004,IDLE,False,False
19.875,IDLE,False,False
19.895000000000003,IDLE,False,False
19.915,IDLE,False,False
19.935000000000002,IDLE,False,False
19.955,IDLE,False,False
19.975,IDLE,False,False
19.995000000000005,IDLE,False,False
20.015,IDLE,False,False
20.035000000000004,IDLE,False,False
20.055,IDLE,False,False
20.075000000000003,IDLE,False,False
20.095,IDLE,False,False
20.115000000000002,IDLE,False,False
20.134999999999998,IDLE,False,False
20.155,IDLE,False,False
20.175000000000004,IDLE,False,False
20.195,IDLE,False,False
20.215000000000003,IDLE,False,False
20.235,IDLE,False,False
20.255000000000003,IDLE,False,False
20.275,IDLE,False,False
20.295,IDLE,False,False
20.315000000000005,IDLE,False,False
20.335,IDLE,False,False
20.355000000000004,IDLE,False,False
20.375,IDLE,False,False
20.395000000000003,IDLE,False,False
20.415,IDLE,False,False
20.435000000000002,IDLE,False,False
20.455,IDLE,False,False
20.475,IDLE,False,False
20.495000000000005,IDLE,False,False
20.515,IDLE,False,False
20.535000000000004,IDLE,False,False
20.555,IDLE,False,False
20.575000000000003,IDLE,False,False
20.595,IDLE,False,False
20.615000000000002,IDLE,False,False
20.634999999999998,IDLE,False,False
20.655,IDLE,False,False
20.675000000000004,IDLE,False,False
20.695,IDLE,False,False
20.715000000000003,IDLE,False,False
20.735,IDLE,False,False
20.755000000000003,IDLE,False,False
20.775,IDLE,False,False
20.795,IDLE,False,False
20.815000000000005,IDLE,False,False
20.835,IDLE,False,False
20.855000000000004,IDLE,False,False
20.875,IDLE,False,False
20.895000000000003,IDLE,False,False
20.915,IDLE,False,False
20.935000000000002,IDLE,False,False
20.955,IDLE,False,False
20.975,IDLE,False,False
20.995000000000005,IDLE,False,False
21.015,IDLE,False,False
21.035000000000004,IDLE,False,False
21.055,IDLE,False,False
21.075000000000003,IDLE,False,False
21.095,IDLE,False,False
21.115000000000002,IDLE,False,False
21.134999999999998,IDLE,False,False
21.155,IDLE,False,False
21.175000000000004,IDLE,False,False
21.195,IDLE,False,False
21.215000000000003,IDLE,False,False
21.235,IDLE,False,False
21.255000000000003,IDLE,False,False
21.275,IDLE,False,False
21.295,IDLE,False,False
21.315000000000005,IDLE,False,False
21.335,IDLE,False,False
21.355000000000004,IDLE,False,False
21.375,IDLE,False,False
21.395000000000003,IDLE,False,False
21.415,IDLE,False,False
21.435000000000002,IDLE,False,False
21.455,IDLE,False,False
21.475,IDLE,False,False
21.495000000000005,IDLE,False,False
21.515,IDLE,False,False
21.535000000000004,IDLE,False,False
21.555,IDLE,False,False
21.575000000000003,IDLE,False,False
21.595,IDLE,False,False
21.615000000000002,IDLE,False,False
21.634999999999998,IDLE,False,False
21.655,IDLE,False,False
21.675000000000004,IDLE,False,False
21.695,IDLE,False,False
21.715000000000003,IDLE,False,False
21.735,IDLE,False,False
21.755000000000003,IDLE,False,False
21.775,IDLE,False,False
21.795,IDLE,False,False
21.815000000000005,IDLE,False,False
21.835,IDLE,False,False
21.855000000000004,IDLE,False,False
21.875,IDLE,False,False
21.895000000000003,IDLE,False,False
21.915,IDLE,False,False
21.935000000000002,IDLE,False,False
21.955,IDLE,False,False
21.975,IDLE,False,False
21.995000000000005,IDLE,False,False
22.015,IDLE,False,False
22.035000000000004,IDLE,False,False
22.055,IDLE,False,False
22.075000000000003,IDLE,False,False
22.096000000000004,IDLE,False,False
22.115000000000002,IDLE,False,False
22.134999999999998,IDLE,False,False
22.155,IDLE,False,False
22.175000000000004,IDLE,False,False
22.195,IDLE,False,False
22.215000000000003,IDLE,False,False
22.235,IDLE,False,False
22.255000000000003,IDLE,False,False
22.275,IDLE,False,False
22.295,IDLE,False,False
22.315000000000005,IDLE,False,False
22.335,IDLE,False,False
22.355000000000004,IDLE,False,False
22.375,IDLE,False,False
22.395000000000003,IDLE,False,False
22.416000000000004,IDLE,False,False
22.435000000000002,IDLE,False,False
22.455,IDLE,False,False
22.475,IDLE,False,False
22.495000000000005,IDLE,False,False
22.515,IDLE,False,False
22.535000000000004,IDLE,False,False
22.555,IDLE,False,False
22.575000000000003,IDLE,False,False
22.595,IDLE,False,False
22.615000000000002,IDLE,False,False
22.634999999999998,IDLE,False,False
22.655,IDLE,False,False
22.675000000000004,IDLE,False,False
22.695,IDLE,False,False
22.715000000000003,IDLE,False,False
22.735,IDLE,False,False
22.755000000000003,IDLE,False,False
22.775,IDLE,False,False
22.795,IDLE,False,False
22.815000000000005,IDLE,False,False
22.835,IDLE,False,False
22.855000000000004,IDLE,False,False
22.876000000000005,IDLE,False,False
22.895000000000003,IDLE,False,False
22.915,IDLE,False,False
22.935000000000002,IDLE,False,False
22.955,IDLE,False,False
22.975,IDLE,False,False
22.995000000000005,IDLE,False,False
23.015,IDLE,False,False
23.035000000000004,IDLE,False,False
23.055,IDLE,False,False
23.075000000000003,IDLE,False,False
23.095,IDLE,False,False
23.115000000000002,IDLE,False,False
23.134999999999998,IDLE,False,False
23.155,IDLE,False,False
23.175000000000004,IDLE,False,False
23.195,IDLE,False,False
23.215000000000003,IDLE,False,False
23.235,IDLE,False,False
23.255000000000003,IDLE,False,False
23.275,IDLE,False,False
23.295,IDLE,False,False
23.315000000000005,IDLE,False,False
23.335,IDLE,False,False
23.355000000000004,IDLE,False,False
23.375,IDLE,False,False
23.395000000000003,IDLE,False,False
23.415,IDLE,False,False
23.435000000000002,IDLE,False,False
23.455,IDLE,False,False
23.475,IDLE,False,False
23.495000000000005,IDLE,False,False
23.515,IDLE,False,False
23.535000000000004,IDLE,False,False
23.555,IDLE,False,False
23.575000000000003,IDLE,False,False
23.595,IDLE,False,False
23.615000000000002,IDLE,False,False
23.634999999999998,IDLE,False,False
23.655,IDLE,False,False
23.675000000000004,IDLE,False,False
23.695,IDLE,False,False
23.715000000000003,IDLE,False,False
23.735,IDLE,False,False
23.755000000000003,IDLE,False,False
23.775,IDLE,False,False
23.795,IDLE,False,False
23.815000000000005,IDLE,False,False
23.835,IDLE,False,False
23.855000000000004,IDLE,False,False
23.875,IDLE,False,False
23.895000000000003,IDLE,False,False
23.915,IDLE,False,False
23.935000000000002,IDLE,False,False
23.955,IDLE,False,False
23.975,IDLE,False,False
23.995000000000005,IDLE,False,False
24.015,IDLE,False,False
24.035000000000004,IDLE,False,False
24.055,IDLE,False,False
24.075000000000003,IDLE,False,False
24.095,IDLE,False,False
24.115000000000002,IDLE,False,False
24.134999999999998,IDLE,False,False
24.155,IDLE,False,False
24.175000000000004,IDLE,False,False
24.195,IDLE,False,False
24.215000000000003,IDLE,False,False
24.235,IDLE,False,False
24.255000000000003,IDLE,False,False
24.275,IDLE,False,False
24.295,IDLE,False,False
24.315000000000005,IDLE,False,False
24.335,IDLE,False,False
24.355000000000004,IDLE,False,False
24.375,IDLE,False,False
24.395000000000003,IDLE,False,False
24.415,IDLE,False,False
24.435000000000002,IDLE,False,False
24.455,IDLE,False,False
24.475,IDLE,False,False
24.495000000000005,IDLE,False,False
24.515,IDLE,False,False
24.535000000000004,IDLE,False,False
24.555,IDLE,False,False
24.575000000000003,IDLE,False,False
24.595,IDLE,False,False
24.615000000000002,IDLE,False,False
24.634999999999998,IDLE,False,False
24.655,IDLE,False,False
24.675000000000004,IDLE,False,False
24.695,IDLE,False,False
24.715000000000003,IDLE,False,False
24.735,IDLE,False,False
24.755000000000003,IDLE,False,False
24.775,IDLE,False,False
24.795,IDLE,False,False
24.815000000000005,IDLE,False,False
24.835,IDLE,False,False
24.855000000000004,IDLE,False,False
24.875,IDLE,False,False
24.895000000000003,IDLE,False,False
24.915,IDLE,False,False
24.935000000000002,IDLE,False,False
24.955,IDLE,False,False
24.975,IDLE,False,False
24.995000000000005,IDLE,False,False
25.015,IDLE,False,False
25.035000000000004,IDLE,False,False
25.055,IDLE,False,False
25.075000000000003,IDLE,False,False
25.095,IDLE,False,False
25.115000000000002,IDLE,False,False
25.134999999999998,IDLE,False,False
25.155,IDLE,False,False
25.175000000000004,IDLE,False,False
25.195,IDLE,False,False
25.215000000000003,IDLE,False,False
25.236000000000004,IDLE,False,False
25.255000000000003,IDLE,False,False
25.275,IDLE,False,False
25.295,IDLE,False,False
25.315000000000005,IDLE,False,False
25.335,IDLE,False,False
25.355000000000004,IDLE,False,False
25.375,IDLE,False,False
25.395000000000003,IDLE,False,False
25.415,IDLE,False,False
25.435000000000002,IDLE,False,False
25.455,IDLE,False,False
25.475,IDLE,False,False
25.495000000000005,IDLE,False,False
25.515,IDLE,False,False
25.535000000000004,IDLE,False,False
25.555,IDLE,False,False
25.575000000000003,IDLE,False,False
25.595,IDLE,False,False
25.615000000000002,IDLE,False,False
25.634999999999998,IDLE,False,False
25.655,IDLE,False,False
25.675000000000004,IDLE,False,False
25.695,IDLE,False,False
25.715000000000003,IDLE,False,False
25.735,IDLE,False,False
25.755000000000003,IDLE,False,False
25.775,IDLE,False,False
25.795,IDLE,False,False
25.815000000000005,IDLE,False,False
25.835,IDLE,False,False
25.855000000000004,IDLE,False,False
25.875,IDLE,False,False
25.895000000000003,IDLE,False,False
25.915,IDLE,False,False
25.935000000000002,IDLE,False,False
25.955,IDLE,False,False
25.975,IDLE,False,False
25.995000000000005,IDLE,False,False
26.015,IDLE,False,False
26.035000000000004,IDLE,False,False
26.055,IDLE,False,False
26.075000000000003,IDLE,False,False
26.095,IDLE,False,False
26.115000000000002,IDLE,False,False
26.134999999999998,IDLE,False,False
26.155,IDLE,False,False
26.175000000000004,IDLE,False,False
26.195,IDLE,False,False
26.215000000000003,IDLE,False,False
26.235,IDLE,False,False
26.255000000000003,IDLE,False,False
26.275,IDLE,False,False
26.295,IDLE,False,False
26.315000000000005,IDLE,False,False
26.335,IDLE,False,False
26.355000000000004,IDLE,False,False
26.375,IDLE,False,False
26.395000000000003,IDLE,False,False
26.415,IDLE,False,False
26.435000000000002,IDLE,False,False
26.455,IDLE,False,False
26.475,IDLE,False,False
26.495000000000005,IDLE,False,False
26.515,IDLE,False,False
26.535000000000004,IDLE,False,False
26.555,IDLE,False,False
26.575000000000003,IDLE,False,False
26.595,IDLE,False,False
26.615000000000002,IDLE,False,False
26.634999999999998,IDLE,False,False
26.655,IDLE,False,False
26.675000000000004,IDLE,False,False
26.695,IDLE,False,False
26.715000000000003,IDLE,False,False
26.735,IDLE,False,False
26.755000000000003,IDLE,False,False
26.775,IDLE,False,False
26.795,IDLE,False,False
26.815000000000005,IDLE,False,False
26.835,IDLE,False,False
26.855000000000004,IDLE,False,False
26.875,IDLE,False,False
26.895000000000003,IDLE,False,False
26.915,IDLE,False,False
26.935000000000002,IDLE,False,False
26.955,IDLE,False,False
26.975,IDLE,False,False
26.995000000000005,IDLE,False,False
27.015,IDLE,False,False
27.035000000000004,IDLE,False,False
27.055,IDLE,False,False
27.075000000000003,IDLE,False,False
27.095,IDLE,False,False
27.115000000000002,IDLE,False,False
27.134999999999998,IDLE,False,False
27.155,IDLE,False,False
27.175000000000004,IDLE,False,False
27.195,IDLE,False,False
27.215000000000003,IDLE,False,False
27.235,IDLE,False,False
27.255000000000003,IDLE,False,False
27.275,IDLE,False,False
27.295,IDLE,False,False
27.315000000000005,IDLE,False,False
27.335,IDLE,False,False
27.355000000000004,IDLE,False,False
27.375,IDLE,False,False
27.395000000000003,IDLE,False,False
27.415,IDLE,False,False
27.435000000000002,IDLE,False,False
27.455,IDLE,False,False
27.475,IDLE,False,False
27.495000000000005,IDLE,False,False
27.515,IDLE,False,False
27.535000000000004,IDLE,False,False
27.555,IDLE,False,False
27.575000000000003,IDLE,False,False
27.595,IDLE,False,False
27.615000000000002,IDLE,False,False
27.634999999999998,IDLE,False,False
27.655,IDLE,False,False
27.675000000000004,IDLE,False,False
27.695,IDLE,False,False
27.715000000000003,IDLE,False,False
27.735,IDLE,False,False
27.755000000000003,IDLE,False,False
27.775,IDLE,False,False
27.795,IDLE,False,False
27.815000000000005,IDLE,False,False
27.835,IDLE,False,False
27.855000000000004,IDLE,False,False
27.875,IDLE,False,False
27.895000000000003,IDLE,False,False
27.915,IDLE,False,False
27.935000000000002,IDLE,False,False
27.955,IDLE,False,False
27.975,IDLE,False,False
27.995000000000005,IDLE,False,False
28.015,IDLE,False,False
28.035000000000004,IDLE,False,False
28.055,IDLE,False,False
28.075000000000003,IDLE,False,False
28.095,IDLE,False,False
28.115000000000002,IDLE,False,False
28.134999999999998,IDLE,False,False
28.155,IDLE,False,False
28.175000000000004,IDLE,False,False
28.195,IDLE,False,False
28.215000000000003,IDLE,False,False
28.235,IDLE,False,False
28.255000000000003,IDLE,False,False
28.275,IDLE,False,False
28.295,IDLE,False,False
28.315000000000005,IDLE,False,False
28.335,IDLE,False,False
28.355000000000004,IDLE,False,False
28.375,IDLE,False,False
28.395000000000003,IDLE,False,False
28.415,IDLE,False,False
28.435000000000002,IDLE,False,False
28.455,IDLE,False,False
28.475,IDLE,False,False
28.495000000000005,IDLE,False,False
28.516,IDLE,False,False
28.535000000000004,IDLE,False,False
28.555,IDLE,False,False
28.575000000000003,IDLE,False,False
28.595,IDLE,False,False
28.615000000000002,IDLE,False,False
28.634999999999998,IDLE,False,False
28.655,IDLE,False,False
28.675000000000004,IDLE,False,False
28.695,IDLE,False,False
28.715000000000003,IDLE,False,False
28.735,IDLE,False,False
28.755000000000003,IDLE,False,False
28.775,IDLE,False,False
28.795,IDLE,False,False
28.815000000000005,IDLE,False,False
28.835,IDLE,False,False
28.855000000000004,IDLE,False,False
28.875,IDLE,False,False
28.895000000000003,IDLE,False,False
28.915,IDLE,False,False
28.935000000000002,IDLE,False,False
28.955,IDLE,False,False
28.975,IDLE,False,False
28.995000000000005,IDLE,False,False
29.015,IDLE,False,False
29.035000000000004,IDLE,False,False
29.055,IDLE,False,False
29.075000000000003,IDLE,False,False
29.095,IDLE,False,False
29.115000000000002,IDLE,False,False
29.134999999999998,IDLE,False,False
29.155,IDLE,False,False
29.175000000000004,IDLE,False,False
29.195,IDLE,False,False
29.215000000000003,IDLE,False,False
29.236000000000004,IDLE,False,False
29.255000000000003,IDLE,False,False
29.275,IDLE,False,False
29.295,IDLE,False,False
29.315000000000005,IDLE,False,False
29.335,IDLE,False,False
29.355000000000004,IDLE,False,False
29.375,IDLE,False,False
29.395000000000003,IDLE,False,False
29.415,IDLE,False,False
29.435000000000002,IDLE,False,False
29.455,IDLE,False,False
29.475,IDLE,False,False
29.495000000000005,IDLE,False,False
29.515,IDLE,False,False
29.535000000000004,IDLE,False,False
29.555,IDLE,False,False
29.575000000000003,IDLE,False,False
29.595,IDLE,False,False
29.615000000000002,IDLE,False,False
29.634999999999998,IDLE,False,False
29.655,IDLE,False,False
29.675000000000004,IDLE,False,False
29.695,IDLE,False,False
29.715000000000003,IDLE,False,False
29.735,IDLE,False,False
29.755000000000003,IDLE,False,False
29.775,IDLE,False,False
29.795,IDLE,False,False
29.815000000000005,IDLE,False,False
29.835,IDLE,False,False
29.855000000000004,IDLE,False,False
29.875,IDLE,False,False
29.895000000000003,IDLE,False,False
29.915,IDLE,False,False
29.935000000000002,IDLE,False,False
29.955,IDLE,False,False
29.975,IDLE,False,False
29.995000000000005,IDLE,False,False
30.015,IDLE,False,False
30.035000000000004,IDLE,False,False
30.055,IDLE,False,False
30.075000000000003,IDLE,False,False
30.095,IDLE,False,False
30.115000000000002,IDLE,False,False
30.134999999999998,IDLE,False,False
30.155,IDLE,False,False
30.175000000000004,IDLE,False,False
30.195,IDLE,False,False
30.215000000000003,IDLE,False,False
30.235,IDLE,False,False
30.255000000000003,IDLE,False,False
30.275,IDLE,False,False
30.295,IDLE,False,False
30.315000000000005,IDLE,False,False
30.335,IDLE,False,False
30.355000000000004,IDLE,False,False
30.375,IDLE,False,False
30.395000000000003,IDLE,False,False
30.415,IDLE,False,False
30.435000000000002,IDLE,False,False
30.455,IDLE,False,False
30.475,IDLE,False,False
30.495000000000005,IDLE,False,False
30.515,IDLE,False,False
30.535000000000004,IDLE,False,False
30.555,IDLE,False,False
30.575000000000003,IDLE,False,False
30.595,IDLE,False,False
30.615000000000002,IDLE,False,False
30.634999999999998,IDLE,False,False
30.655,IDLE,False,False
30.675000000000004,IDLE,False,False
30.695,IDLE,False,False
30.715000000000003,IDLE,False,False
30.735,IDLE,False,False
30.755000000000003,IDLE,False,False
30.775,IDLE,False,False
30.795,IDLE,False,False
30.815000000000005,IDLE,False,False
30.835,IDLE,False,False
30.855000000000004,IDLE,False,False
30.875,IDLE,False,False
30.895000000000003,IDLE,False,False
30.915,IDLE,False,False
30.935000000000002,IDLE,False,False
30.955,IDLE,False,False
30.976,IDLE,False,False
30.995000000000005,IDLE,False,False
31.015,IDLE,False,False
31.035000000000004,IDLE,False,False
31.055,IDLE,False,False
31.075000000000003,IDLE,False,False
31.095,IDLE,False,False
31.115000000000002,IDLE,False,False
31.134999999999998,IDLE,False,False
31.155,IDLE,False,False
31.175000000000004,IDLE,False,False
31.195,IDLE,False,False
31.215000000000003,IDLE,False,False
31.235,IDLE,False,False
31.255000000000003,IDLE,False,False
31.275,IDLE,False,False
31.295,IDLE,False,False
31.315000000000005,IDLE,False,False
31.335,IDLE,False,False
31.355000000000004,IDLE,False,False
31.375,IDLE,False,False
31.395000000000003,IDLE,False,False
31.415,IDLE,False,False
31.435000000000002,IDLE,False,False
31.455,IDLE,False,False
31.475,IDLE,False,False
31.495000000000005,IDLE,False,False
31.515,IDLE,False,False
31.535000000000004,IDLE,False,False
31.555,IDLE,False,False
31.575000000000003,IDLE,False,False
31.596000000000004,IDLE,False,False
31.615000000000002,IDLE,False,False
31.634999999999998,IDLE,False,False
31.655,IDLE,False,False
31.675000000000004,IDLE,False,False
31.695,IDLE,False,False
31.715000000000003,IDLE,False,False
31.735,IDLE,False,False
31.755000000000003,IDLE,False,False
31.775,IDLE,False,False
31.795,IDLE,False,False
31.815000000000005,IDLE,False,False
31.835,IDLE,False,False
31.855000000000004,IDLE,False,False
31.876000000000005,IDLE,False,False
31.895000000000003,IDLE,False,False
31.915,IDLE,False,False
31.935000000000002,IDLE,False,False
31.955,IDLE,False,False
31.975,IDLE,False,False
31.995000000000005,IDLE,False,False
32.015,IDLE,False,False
32.035000000000004,IDLE,False,False
32.055,IDLE,False,False
32.075,IDLE,False,False
32.095,IDLE,False,False
32.115,IDLE,False,False
32.135,IDLE,False,False
32.155,IDLE,False,False
32.177,IDLE,False,False
32.195,IDLE,False,False
32.215,IDLE,False,False
32.235,IDLE,False,False
32.255,IDLE,False,False
32.275,IDLE,False,False
32.295,IDLE,False,False
32.315000000000005,IDLE,False,False
32.335,IDLE,False,False
32.355000000000004,IDLE,False,False
32.375,IDLE,False,False
32.395,IDLE,False,False
32.415,IDLE,False,False
32.435,IDLE,False,False
32.455,IDLE,False,False
32.475,IDLE,False,False
32.495000000000005,IDLE,False,False
32.515,IDLE,False,False
32.535000000000004,IDLE,False,False
32.555,IDLE,False,False
32.575,IDLE,False,False
32.595,IDLE,False,False
32.615,IDLE,False,False
32.635,IDLE,False,False
32.655,IDLE,False,False
32.675000000000004,IDLE,False,False
32.695,IDLE,False,False
32.715,IDLE,False,False
32.735,IDLE,False,False
32.755,IDLE,False,False
32.775,IDLE,False,False
32.795,IDLE,False,False
32.815000000000005,IDLE,False,False
32.835,IDLE,False,False
32.855000000000004,IDLE,False,False
32.875,IDLE,False,False
32.895,IDLE,False,False
32.915,IDLE,False,False
32.935,IDLE,False,False
32.955,IDLE,False,False
32.975,IDLE,False,False
32.995000000000005,IDLE,False,False
33.015,IDLE,False,False
33.035000000000004,IDLE,False,False
33.055,IDLE,False,False
33.075,IDLE,False,False
33.095,IDLE,False,False
33.115,IDLE,False,False
33.135,IDLE,False,False
33.155,IDLE,False,False
33.175000000000004,IDLE,False,False
33.195,IDLE,False,False
33.215,IDLE,False,False
33.235,IDLE,False,False
33.255,IDLE,False,False
33.275,IDLE,False,False
33.295,IDLE,False,False
33.315000000000005,IDLE,False,False
33.335,IDLE,False,False
33.355000000000004,IDLE,False,False
33.375,IDLE,False,False
33.395,IDLE,False,False
33.415,IDLE,False,False
33.435,IDLE,False,False
33.455,IDLE,False,False
33.475,IDLE,False,False
33.495000000000005,IDLE,False,False
33.515,IDLE,False,False
33.535000000000004,IDLE,False,False
33.555,IDLE,False,False
33.575,IDLE,False,False
33.595,IDLE,False,False
33.615,IDLE,False,False
33.635,IDLE,False,False
33.655,IDLE,False,False
33.675000000000004,IDLE,False,False
33.695,IDLE,False,False
33.715,IDLE,False,False
33.735,IDLE,False,False
33.755,IDLE,False,False
33.775,IDLE,False,False
33.795,IDLE,False,False
33.815000000000005,IDLE,False,False
33.835,IDLE,False,False
33.855000000000004,IDLE,False,False
33.875,IDLE,False,False
33.895,IDLE,False,False
33.915,IDLE,False,False
33.935,IDLE,False,False
33.955,IDLE,False,False
33.975,IDLE,False,False
33.995000000000005,IDLE,False,False
34.015,IDLE,False,False
34.035000000000004,IDLE,False,False
34.055,IDLE,False,False
34.075,IDLE,False,False
34.095,IDLE,False,False
34.115,IDLE,False,False
34.135,IDLE,False,False
34.155,IDLE,False,False
34.176,IDLE,False,False
34.195,IDLE,False,False
34.215,IDLE,False,False
34.235,IDLE,False,False
34.255,IDLE,False,False
34.275,IDLE,False,False
34.295,IDLE,False,False
34.315000000000005,IDLE,False,False
34.335,IDLE,False,False
34.355000000000004,IDLE,False,False
34.375,IDLE,False,False
34.395,IDLE,False,False
34.415,IDLE,False,False
34.435,IDLE,False,False
34.455,IDLE,False,False
34.475,IDLE,False,False
34.495000000000005,IDLE,False,False
34.515,IDLE,False,False
34.535000000000004,IDLE,False,False
34.555,IDLE,False,False
34.575,IDLE,False,False
34.595,IDLE,False,False
34.615,IDLE,False,False
34.635,IDLE,False,False
34.655,IDLE,False,False
34.675000000000004,IDLE,False,False
34.695,IDLE,False,False
34.715,IDLE,False,False
34.735,IDLE,False,False
34.755,IDLE,False,False
34.775,IDLE,False,False
34.795,IDLE,False,False
34.815000000000005,IDLE,False,False
34.835,IDLE,False,False
34.855000000000004,IDLE,False,False
34.875,IDLE,False,False
34.895,IDLE,False,False
34.915,IDLE,False,False
34.935,IDLE,False,False
34.955,IDLE,False,False
34.975,IDLE,False,False
34.995000000000005,IDLE,False,False
35.015,IDLE,False,False
35.035000000000004,IDLE,False,False
35.055,IDLE,False,False
35.075,IDLE,False,False
35.095,IDLE,False,False
35.115,IDLE,False,False
35.135,IDLE,False,False
35.155,IDLE,False,False
35.175000000000004,IDLE,False,False
35.195,IDLE,False,False
35.215,IDLE,False,False
35.235,IDLE,False,False
35.255,IDLE,False,False
35.275,IDLE,False,False
35.295,IDLE,False,False
35.315000000000005,IDLE,False,False
35.335,IDLE,False,False
35.355000000000004,IDLE,False,False
35.375,IDLE,False,False
35.395,IDLE,False,False
35.415,IDLE,False,False
35.435,IDLE,False,False
35.455,IDLE,False,False
35.475,IDLE,False,False
35.495000000000005,IDLE,False,False
35.515,IDLE,False,False
35.535000000000004,IDLE,False,False
35.555,IDLE,False,False
35.575,IDLE,False,False
35.595,IDLE,False,False
35.615,IDLE,False,False
35.635,IDLE,False,False
35.655,IDLE,False,False
35.675000000000004,IDLE,False,False
35.695,IDLE,False,False
35.715,IDLE,False,False
35.735,IDLE,False,False
35.755,IDLE,False,False
35.775,IDLE,False,False
35.795,IDLE,False,False
35.815000000000005,IDLE,False,False
35.836,IDLE,False,False
35.855000000000004,IDLE,False,False
35.875,IDLE,False,False
35.895,IDLE,False,False
35.915,IDLE,False,False
35.935,IDLE,False,False
35.955,IDLE,False,False
35.975,IDLE,False,False
35.995000000000005,IDLE,False,False
36.015,IDLE,False,False
36.035000000000004,IDLE,False,False
36.055,IDLE,False,False
36.075,IDLE,False,False
36.095,IDLE,False,False
36.115,IDLE,False,False
36.135,IDLE,False,False
36.155,IDLE,False,False
36.175000000000004,IDLE,False,False
36.195,IDLE,False,False
36.215,IDLE,False,False
36.235,IDLE,False,False
36.255,IDLE,False,False
36.275,IDLE,False,False
36.295,IDLE,False,False
36.315000000000005,IDLE,False,False
36.335,IDLE,False,False
36.355000000000004,IDLE,False,False
36.375,IDLE,False,False
36.395,IDLE,False,False
36.415,IDLE,False,False
36.435,IDLE,False,False
36.455,IDLE,False,False
36.475,IDLE,False,False
36.495000000000005,IDLE,False,False
36.515,IDLE,False,False
36.535000000000004,IDLE,False,False
36.555,IDLE,False,False
36.575,IDLE,False,False
36.595,IDLE,False,False
36.615,IDLE,False,False
36.635,IDLE,False,False
36.655,IDLE,False,False
36.675000000000004,IDLE,False,False
36.695,IDLE,False,False
36.715,IDLE,False,False
36.735,IDLE,False,False
36.755,IDLE,False,False
36.775,IDLE,False,False
36.795,IDLE,False,False
36.815000000000005,IDLE,False,False
36.835,IDLE,False,False
36.855000000000004,IDLE,False,False
36.875,IDLE,False,False
36.895,IDLE,False,False
36.915,IDLE,False,False
36.935,IDLE,False,False
36.955,IDLE,False,False
36.977000000000004,IDLE,False,False
36.995000000000005,IDLE,False,False
37.015,IDLE,False,False
37.035000000000004,IDLE,False,False
37.055,IDLE,False,False
37.075,IDLE,False,False
37.095,IDLE,False,False
37.115,IDLE,False,False
37.135,IDLE,False,False
37.155,IDLE,False,False
37.175000000000004,IDLE,False,False
37.195,IDLE,False,False
37.215,IDLE,False,False
37.235,IDLE,False,False
37.255,IDLE,False,False
37.275,IDLE,False,False
37.295,IDLE,False,False
37.315000000000005,IDLE,False,False
37.335,IDLE,False,False
37.355000000000004,IDLE,False,False
37.375,IDLE,False,False
37.395,IDLE,False,False
37.415,IDLE,False,False
37.435,IDLE,False,False
37.455,IDLE,False,False
37.475,IDLE,False,False
37.495000000000005,IDLE,False,False
37.515,IDLE,False,False
37.535000000000004,IDLE,False,False
37.555,IDLE,False,False
37.575,IDLE,False,False
37.595,IDLE,False,False
37.615,IDLE,False,False
37.635,IDLE,False,False
37.655,IDLE,False,False
37.675000000000004,IDLE,False,False
37.695,IDLE,False,False
37.715,IDLE,False,False
37.735,IDLE,False,False
37.755,IDLE,False,False
37.775,IDLE,False,False
37.795,IDLE,False,False
37.815000000000005,IDLE,False,False
37.835,IDLE,False,False
37.855000000000004,IDLE,False,False
37.875,IDLE,False,False
37.895,IDLE,False,False
37.915,IDLE,False,False
37.935,IDLE,False,False
37.955,IDLE,False,False
37.975,IDLE,False,False
37.995000000000005,IDLE,False,False
38.015,IDLE,False,False
38.035000000000004,IDLE,False,False
38.055,IDLE,False,False
38.075,IDLE,False,False
