t,stage_name,stage
-0.02099999999999902,IDLE,1
0.028999999999999915,IDLE,1
0.07900000000000063,IDLE,1
0.12899999999999956,IDLE,1
0.17900000000000027,IDLE,1
0.22900000000000098,IDLE,1
0.2789999999999999,IDLE,1
0.3290000000000006,IDLE,1
0.37899999999999956,IDLE,1
0.42900000000000027,IDLE,1
0.479000000000001,IDLE,1
0.5289999999999999,IDLE,1
0.5790000000000006,IDLE,1
0.6289999999999996,IDLE,1
0.6790000000000003,IDLE,1
0.729000000000001,IDLE,1
0.7789999999999999,IDLE,1
0.8290000000000006,IDLE,1
0.8789999999999996,IDLE,1
0.9290000000000003,IDLE,1
0.979000000000001,IDLE,1
1.029,IDLE,1
1.0790000000000006,IDLE,1
1.1289999999999996,IDLE,1
1.1790000000000003,IDLE,1
1.229000000000001,IDLE,1
1.279,IDLE,1
1.3290000000000006,IDLE,1
1.3789999999999996,IDLE,1
1.4290000000000003,IDLE,1
1.479000000000001,IDLE,1
1.529,IDLE,1
1.58,IDLE,1
1.6289999999999996,IDLE,1
1.6790000000000003,IDLE,1
1.729000000000001,IDLE,1
1.779,IDLE,1
1.8290000000000006,IDLE,1
1.8789999999999996,IDLE,1
1.9290000000000003,IDLE,1
1.979000000000001,IDLE,1
2.029,IDLE,1
2.0790000000000006,IDLE,1
2.1289999999999996,IDLE,1
2.1790000000000003,IDLE,1
2.229000000000001,IDLE,1
2.279,IDLE,1
2.3290000000000006,IDLE,1
2.3789999999999996,IDLE,1
2.4290000000000003,IDLE,1
2.479000000000001,IDLE,1
2.529,IDLE,1
2.5790000000000006,IDLE,1
2.6289999999999996,IDLE,1
2.6790000000000003,IDLE,1
2.729000000000001,IDLE,1
2.7790000000000017,IDLE,1
2.828999999999999,IDLE,1
2.8789999999999996,IDLE,1
2.9290000000000003,IDLE,1
2.979000000000001,IDLE,1
3.0290000000000017,IDLE,1
3.078999999999999,IDLE,1
3.1289999999999996,IDLE,1
3.1790000000000003,IDLE,1
3.229000000000001,IDLE,1
3.2790000000000017,IDLE,1
3.328999999999999,IDLE,1
3.3789999999999996,IDLE,1
3.4290000000000003,IDLE,1
3.479000000000001,IDLE,1
3.5290000000000017,IDLE,1
3.578999999999999,IDLE,1
3.6289999999999996,IDLE,1
3.6790000000000003,IDLE,1
3.729000000000001,IDLE,1
3.7790000000000017,IDLE,1
3.828999999999999,IDLE,1
3.8789999999999996,IDLE,1
3.9290000000000003,IDLE,1
3.979000000000001,IDLE,1
4.029000000000002,IDLE,1
4.078999999999999,IDLE,1
4.129,IDLE,1
4.179,IDLE,1
4.229000000000001,IDLE,1
4.279999999999999,IDLE,1
4.33,IDLE,1
4.379,IDLE,1
4.429,IDLE,1
4.479000000000001,IDLE,1
4.529000000000002,IDLE,1
4.578999999999999,IDLE,1
4.629,IDLE,1
4.679,IDLE,1
4.729000000000001,IDLE,1
4.779000000000002,IDLE,1
4.828999999999999,IDLE,1
4.879,IDLE,1
4.929,IDLE,1
4.979000000000001,IDLE,1
5.029000000000002,IDLE,1
5.078999999999999,IDLE,1
5.129,IDLE,1
5.179,IDLE,1
5.229000000000001,IDLE,1
5.279000000000002,IDLE,1
5.328999999999999,IDLE,1
5.379,IDLE,1
5.429,IDLE,1
5.479000000000001,IDLE,1
5.529000000000002,IDLE,1
5.578999999999999,IDLE,1
5.629,IDLE,1
5.679,IDLE,1
5.729000000000001,IDLE,1
5.779000000000002,IDLE,1
5.828999999999999,IDLE,1
5.879,IDLE,1
5.929,IDLE,1
5.979000000000001,IDLE,1
6.029000000000002,IDLE,1
6.078999999999999,IDLE,1
6.129,IDLE,1
6.179,IDLE,1
6.229000000000001,IDLE,1
6.279000000000002,IDLE,1
6.328999999999999,IDLE,1
6.379,IDLE,1
6.429,IDLE,1
6.479000000000001,IDLE,1
6.529000000000002,IDLE,1
6.578999999999999,IDLE,1
6.629,IDLE,1
6.679,IDLE,1
6.729000000000001,IDLE,1
6.779000000000002,IDLE,1
6.828999999999999,IDLE,1
6.879,IDLE,1
6.929,IDLE,1
6.979000000000001,IDLE,1
7.029000000000002,IDLE,1
7.078999999999999,IDLE,1
7.129,IDLE,1
7.179,IDLE,1
7.229000000000001,IDLE,1
7.279000000000002,IDLE,1
7.328999999999999,IDLE,1
7.379,IDLE,1
7.429,IDLE,1
7.479000000000001,IDLE,1
7.529000000000002,IDLE,1
7.578999999999999,IDLE,1
7.629,IDLE,1
7.679,IDLE,1
7.729000000000001,IDLE,1
7.779000000000002,IDLE,1
7.828999999999999,IDLE,1
7.879,IDLE,1
7.929,SAVE_START_POINT,1
7.979999999999999,DIVE_TO_DEPTH,1
8.029000000000002,DIVE_TO_DEPTH,1
8.078999999999999,DIVE_TO_DEPTH,1
8.129,DIVE_TO_DEPTH,1
8.179,DIVE_TO_DEPTH,1
8.229000000000001,DIVE_TO_DEPTH,1
8.279000000000002,DIVE_TO_DEPTH,1
8.328999999999999,DIVE_TO_DEPTH,1
8.379,DIVE_TO_DEPTH,1
8.429,DIVE_TO_DEPTH,1
8.479000000000001,DIVE_TO_DEPTH,1
8.529000000000002,DIVE_TO_DEPTH,1
8.578999999999999,DIVE_TO_DEPTH,1
8.629,DIVE_TO_DEPTH,1
8.679,DIVE_TO_DEPTH,1
8.729000000000001,DIVE_TO_DEPTH,1
8.779000000000002,DIVE_TO_DEPTH,1
8.828999999999999,DIVE_TO_DEPTH,1
8.879,DIVE_TO_DEPTH,1
8.929,DIVE_TO_DEPTH,1
8.979000000000001,DIVE_TO_DEPTH,1
9.029000000000002,DIVE_TO_DEPTH,1
9.078999999999999,DIVE_TO_DEPTH,1
9.129,DIVE_TO_DEPTH,1
9.179,DIVE_TO_DEPTH,1
9.229000000000001,DIVE_TO_DEPTH,1
9.279000000000002,DIVE_TO_DEPTH,1
9.33,DIVE_TO_DEPTH,1
9.379,DIVE_TO_DEPTH,1
9.429,DIVE_TO_DEPTH,1
9.479000000000001,DIVE_TO_DEPTH,1
9.529000000000002,DIVE_TO_DEPTH,1
9.578999999999999,DIVE_TO_DEPTH,1
9.629,DIVE_TO_DEPTH,1
9.679,DIVE_TO_DEPTH,1
9.729000000000001,DIVE_TO_DEPTH,1
9.779000000000002,DIVE_TO_DEPTH,1
9.828999999999999,DIVE_TO_DEPTH,1
9.879,DIVE_TO_DEPTH,1
9.929,DIVE_TO_DEPTH,1
9.979000000000001,DIVE_TO_DEPTH,1
10.029000000000002,DIVE_TO_DEPTH,1
10.078999999999999,DIVE_TO_DEPTH,1
10.129,DIVE_TO_DEPTH,1
10.179,DIVE_TO_DEPTH,1
10.229000000000001,DIVE_TO_DEPTH,1
10.279000000000002,DIVE_TO_DEPTH,1
10.328999999999999,DIVE_TO_DEPTH,1
10.379,DIVE_TO_DEPTH,1
10.429,DIVE_TO_DEPTH,1
10.479000000000001,DIVE_TO_DEPTH,1
10.529000000000002,DIVE_TO_DEPTH,1
10.578999999999999,DIVE_TO_DEPTH,1
10.629,DIVE_TO_DEPTH,1
10.679,DIVE_TO_DEPTH,1
10.729000000000001,DIVE_TO_DEPTH,1
10.779000000000002,DIVE_TO_DEPTH,1
10.828999999999999,DIVE_TO_DEPTH,1
10.879,DIVE_TO_DEPTH,1
10.929,DIVE_TO_DEPTH,1
10.979000000000001,DIVE_TO_DEPTH,1
11.029000000000002,DIVE_TO_DEPTH,1
11.078999999999999,DIVE_TO_DEPTH,1
11.129,DIVE_TO_DEPTH,1
11.179,DIVE_TO_DEPTH,1
11.229000000000001,DIVE_TO_DEPTH,1
11.279000000000002,DIVE_TO_DEPTH,1
11.328999999999999,DIVE_TO_DEPTH,1
11.379,DIVE_TO_DEPTH,1
11.429,DIVE_TO_DEPTH,1
11.479000000000001,DIVE_TO_DEPTH,1
11.529000000000002,DIVE_TO_DEPTH,1
11.578999999999999,DIVE_TO_DEPTH,1
11.629,DIVE_TO_DEPTH,1
11.679,DIVE_TO_DEPTH,1
11.729000000000001,DIVE_TO_DEPTH,1
11.779000000000002,DIVE_TO_DEPTH,1
11.828999999999999,DIVE_TO_DEPTH,1
11.879,DIVE_TO_DEPTH,1
11.929,DIVE_TO_DEPTH,1
11.979000000000001,DIVE_TO_DEPTH,1
12.029000000000002,DIVE_TO_DEPTH,1
12.078999999999999,DIVE_TO_DEPTH,1
12.129,DIVE_TO_DEPTH,1
12.179,DIVE_TO_DEPTH,1
12.229000000000001,DIVE_TO_DEPTH,1
12.279000000000002,DIVE_TO_DEPTH,1
12.328999999999999,DIVE_TO_DEPTH,1
12.379,DIVE_TO_DEPTH,1
12.429,DIVE_TO_DEPTH,1
12.479000000000001,DIVE_TO_DEPTH,1
12.529000000000002,DIVE_TO_DEPTH,1
12.578999999999999,DIVE_TO_DEPTH,1
12.629,DIVE_TO_DEPTH,1
12.679,PRE_CRUISE_10M,1
12.729000000000001,START_TIMED_RUN,1
12.779000000000002,OUTBOUND_CRUISE_50M,1
12.828999999999999,OUTBOUND_CRUISE_50M,1
12.879,OUTBOUND_CRUISE_50M,1
12.929,OUTBOUND_CRUISE_50M,1
12.979000000000001,OUTBOUND_CRUISE_50M,1
13.029000000000002,OUTBOUND_CRUISE_50M,1
13.078999999999999,OUTBOUND_CRUISE_50M,1
13.129,OUTBOUND_CRUISE_50M,1
13.179,OUTBOUND_CRUISE_50M,1
13.229000000000001,OUTBOUND_CRUISE_50M,1
13.279000000000002,OUTBOUND_CRUISE_50M,1
13.328999999999999,OUTBOUND_CRUISE_50M,1
13.379,OUTBOUND_CRUISE_50M,1
13.429,OUTBOUND_CRUISE_50M,1
13.479000000000001,OUTBOUND_CRUISE_50M,1
13.529000000000002,OUTBOUND_CRUISE_50M,1
13.578999999999999,OUTBOUND_CRUISE_50M,1
13.629,OUTBOUND_CRUISE_50M,1
13.679,OUTBOUND_CRUISE_50M,1
13.729000000000001,OUTBOUND_CRUISE_50M,1
13.779000000000002,OUTBOUND_CRUISE_50M,1
13.828999999999999,OUTBOUND_CRUISE_50M,1
13.879,OUTBOUND_CRUISE_50M,1
13.929,OUTBOUND_CRUISE_50M,1
13.979000000000001,OUTBOUND_CRUISE_50M,1
14.029000000000002,OUTBOUND_CRUISE_50M,1
14.078999999999999,OUTBOUND_CRUISE_50M,1
14.129,OUTBOUND_CRUISE_50M,1
14.179,OUTBOUND_CRUISE_50M,1
14.229000000000001,OUTBOUND_CRUISE_50M,1
14.279000000000002,OUTBOUND_CRUISE_50M,1
14.328999999999999,OUTBOUND_CRUISE_50M,1
14.379,OUTBOUND_CRUISE_50M,1
14.429,OUTBOUND_CRUISE_50M,1
14.479000000000001,OUTBOUND_CRUISE_50M,1
14.529000000000002,OUTBOUND_CRUISE_50M,1
14.578999999999999,OUTBOUND_CRUISE_50M,1
14.629,OUTBOUND_CRUISE_50M,1
14.679,OUTBOUND_CRUISE_50M,1
14.729000000000001,OUTBOUND_CRUISE_50M,1
14.779000000000002,OUTBOUND_CRUISE_50M,1
14.828999999999999,OUTBOUND_CRUISE_50M,1
14.879,OUTBOUND_CRUISE_50M,1
14.929,OUTBOUND_CRUISE_50M,1
14.979000000000001,OUTBOUND_CRUISE_50M,1
15.029000000000002,OUTBOUND_CRUISE_50M,1
15.078999999999999,OUTBOUND_CRUISE_50M,1
15.129,OUTBOUND_CRUISE_50M,1
15.179,OUTBOUND_CRUISE_50M,1
15.229000000000001,OUTBOUND_CRUISE_50M,1
15.279000000000002,OUTBOUND_CRUISE_50M,1
15.328999999999999,OUTBOUND_CRUISE_50M,1
15.379,OUTBOUND_CRUISE_50M,1
15.429,OUTBOUND_CRUISE_50M,1
15.479000000000001,OUTBOUND_CRUISE_50M,1
15.529000000000002,OUTBOUND_CRUISE_50M,1
15.578999999999999,OUTBOUND_CRUISE_50M,1
15.629,OUTBOUND_CRUISE_50M,1
15.679,OUTBOUND_CRUISE_50M,1
15.729000000000001,OUTBOUND_CRUISE_50M,1
15.779000000000002,OUTBOUND_CRUISE_50M,1
15.828999999999999,OUTBOUND_CRUISE_50M,1
15.879,OUTBOUND_CRUISE_50M,1
15.929,OUTBOUND_CRUISE_50M,1
15.979000000000001,OUTBOUND_CRUISE_50M,1
16.029000000000003,OUTBOUND_CRUISE_50M,1
16.079,OUTBOUND_CRUISE_50M,1
16.128999999999998,OUTBOUND_CRUISE_50M,1
16.179000000000002,OUTBOUND_CRUISE_50M,1
16.229,OUTBOUND_CRUISE_50M,1
16.279000000000003,OUTBOUND_CRUISE_50M,1
16.329,OUTBOUND_CRUISE_50M,1
16.378999999999998,OUTBOUND_CRUISE_50M,1
16.429000000000002,OUTBOUND_CRUISE_50M,1
16.479,OUTBOUND_CRUISE_50M,1
16.529000000000003,OUTBOUND_CRUISE_50M,1
16.579,OUTBOUND_CRUISE_50M,1
16.628999999999998,OUTBOUND_CRUISE_50M,1
16.679000000000002,OUTBOUND_CRUISE_50M,1
16.729,OUTBOUND_CRUISE_50M,1
16.779000000000003,OUTBOUND_CRUISE_50M,1
16.829,OUTBOUND_CRUISE_50M,1
16.878999999999998,OUTBOUND_CRUISE_50M,1
16.929000000000002,OUTBOUND_CRUISE_50M,1
16.979,OUTBOUND_CRUISE_50M,1
17.029000000000003,OUTBOUND_CRUISE_50M,1
17.079,OUTBOUND_CRUISE_50M,1
17.128999999999998,OUTBOUND_CRUISE_50M,1
17.179000000000002,OUTBOUND_CRUISE_50M,1
17.229,OUTBOUND_CRUISE_50M,1
17.279000000000003,OUTBOUND_CRUISE_50M,1
17.329,OUTBOUND_CRUISE_50M,1
17.378999999999998,OUTBOUND_CRUISE_50M,1
17.429000000000002,OUTBOUND_CRUISE_50M,1
17.479,OUTBOUND_CRUISE_50M,1
17.529000000000003,OUTBOUND_CRUISE_50M,1
17.579,OUTBOUND_CRUISE_50M,1
17.628999999999998,OUTBOUND_CRUISE_50M,1
17.68,OUTBOUND_CRUISE_50M,1
17.729,OUTBOUND_CRUISE_50M,1
17.779000000000003,OUTBOUND_CRUISE_50M,1
17.829,OUTBOUND_CRUISE_50M,1
17.878999999999998,OUTBOUND_CRUISE_50M,1
17.929000000000002,OUTBOUND_CRUISE_50M,1
17.979,OUTBOUND_CRUISE_50M,1
18.029000000000003,OUTBOUND_CRUISE_50M,1
18.079,OUTBOUND_CRUISE_50M,1
18.128999999999998,OUTBOUND_CRUISE_50M,1
18.179000000000002,OUTBOUND_CRUISE_50M,1
18.229,OUTBOUND_CRUISE_50M,1
18.279000000000003,OUTBOUND_CRUISE_50M,1
18.329,OUTBOUND_CRUISE_50M,1
18.378999999999998,OUTBOUND_CRUISE_50M,1
18.429000000000002,OUTBOUND_CRUISE_50M,1
18.479,OUTBOUND_CRUISE_50M,1
18.529000000000003,OUTBOUND_CRUISE_50M,1
18.579,OUTBOUND_CRUISE_50M,1
18.628999999999998,OUTBOUND_CRUISE_50M,1
18.679000000000002,OUTBOUND_CRUISE_50M,1
18.729,OUTBOUND_CRUISE_50M,1
18.779000000000003,OUTBOUND_CRUISE_50M,1
18.829,OUTBOUND_CRUISE_50M,1
18.879000000000005,OUTBOUND_CRUISE_50M,1
18.929000000000002,OUTBOUND_CRUISE_50M,1
18.979,OUTBOUND_CRUISE_50M,1
19.029000000000003,OUTBOUND_CRUISE_50M,1
19.079,OUTBOUND_CRUISE_50M,1
19.129000000000005,OUTBOUND_CRUISE_50M,1
19.179000000000002,OUTBOUND_CRUISE_50M,1
19.229,OUTBOUND_CRUISE_50M,1
19.279000000000003,OUTBOUND_CRUISE_50M,1
19.329,OUTBOUND_CRUISE_50M,1
19.379000000000005,OUTBOUND_CRUISE_50M,1
19.429000000000002,OUTBOUND_CRUISE_50M,1
19.479,OUTBOUND_CRUISE_50M,1
19.529000000000003,OUTBOUND_CRUISE_50M,1
19.579,OUTBOUND_CRUISE_50M,1
19.629000000000005,OUTBOUND_CRUISE_50M,1
19.679000000000002,OUTBOUND_CRUISE_50M,1
19.729,OUTBOUND_CRUISE_50M,1
19.779000000000003,OUTBOUND_CRUISE_50M,1
19.829,OUTBOUND_CRUISE_50M,1
19.879000000000005,OUTBOUND_CRUISE_50M,1
19.929000000000002,OUTBOUND_CRUISE_50M,1
19.979,OUTBOUND_CRUISE_50M,1
20.029000000000003,OUTBOUND_CRUISE_50M,1
20.079,OUTBOUND_CRUISE_50M,1
20.129000000000005,OUTBOUND_CRUISE_50M,1
20.179000000000002,OUTBOUND_CRUISE_50M,1
20.229,OUTBOUND_CRUISE_50M,1
20.279000000000003,OUTBOUND_CRUISE_50M,1
20.329,OUTBOUND_CRUISE_50M,1
20.379000000000005,OUTBOUND_CRUISE_50M,1
20.429000000000002,OUTBOUND_CRUISE_50M,1
20.479,OUTBOUND_CRUISE_50M,1
20.529000000000003,OUTBOUND_CRUISE_50M,1
20.579,OUTBOUND_CRUISE_50M,1
20.629000000000005,OUTBOUND_CRUISE_50M,1
20.679000000000002,OUTBOUND_CRUISE_50M,1
20.729,OUTBOUND_CRUISE_50M,1
20.779000000000003,OUTBOUND_CRUISE_50M,1
20.829,OUTBOUND_CRUISE_50M,1
20.879000000000005,OUTBOUND_CRUISE_50M,1
20.929000000000002,OUTBOUND_CRUISE_50M,1
20.979,OUTBOUND_CRUISE_50M,1
21.029000000000003,OUTBOUND_CRUISE_50M,1
21.079,OUTBOUND_CRUISE_50M,1
21.129000000000005,OUTBOUND_CRUISE_50M,1
21.179000000000002,OUTBOUND_CRUISE_50M,1
21.229,OUTBOUND_CRUISE_50M,1
21.279000000000003,OUTBOUND_CRUISE_50M,1
21.329,OUTBOUND_CRUISE_50M,1
21.379000000000005,OUTBOUND_CRUISE_50M,1
21.429000000000002,OUTBOUND_CRUISE_50M,1
21.479,OUTBOUND_CRUISE_50M,1
21.529000000000003,OUTBOUND_CRUISE_50M,1
21.579,OUTBOUND_CRUISE_50M,1
21.629000000000005,OUTBOUND_CRUISE_50M,1
21.679000000000002,OUTBOUND_CRUISE_50M,1
21.729,OUTBOUND_CRUISE_50M,1
21.779000000000003,OUTBOUND_CRUISE_50M,1
21.829,OUTBOUND_CRUISE_50M,1
21.879000000000005,OUTBOUND_CRUISE_50M,1
21.929000000000002,OUTBOUND_CRUISE_50M,1
21.979,OUTBOUND_CRUISE_50M,1
22.029000000000003,OUTBOUND_CRUISE_50M,1
22.079,OUTBOUND_CRUISE_50M,1
22.129000000000005,OUTBOUND_CRUISE_50M,1
22.179000000000002,OUTBOUND_CRUISE_50M,1
22.229,OUTBOUND_CRUISE_50M,1
22.279000000000003,OUTBOUND_CRUISE_50M,1
22.329,OUTBOUND_CRUISE_50M,1
22.379000000000005,OUTBOUND_CRUISE_50M,1
22.429000000000002,OUTBOUND_CRUISE_50M,1
22.479,OUTBOUND_CRUISE_50M,1
22.529000000000003,OUTBOUND_CRUISE_50M,1
22.579,OUTBOUND_CRUISE_50M,1
22.629000000000005,OUTBOUND_CRUISE_50M,1
22.679000000000002,OUTBOUND_CRUISE_50M,1
22.729,OUTBOUND_CRUISE_50M,1
22.779000000000003,OUTBOUND_CRUISE_50M,1
22.829,OUTBOUND_CRUISE_50M,1
22.879000000000005,OUTBOUND_CRUISE_50M,1
22.929000000000002,OUTBOUND_CRUISE_50M,1
22.979,OUTBOUND_CRUISE_50M,1
23.029000000000003,OUTBOUND_CRUISE_50M,1
23.079,OUTBOUND_CRUISE_50M,1
23.129000000000005,OUTBOUND_CRUISE_50M,1
23.179000000000002,OUTBOUND_CRUISE_50M,1
23.229,OUTBOUND_CRUISE_50M,1
23.279000000000003,OUTBOUND_CRUISE_50M,1
23.329,OUTBOUND_CRUISE_50M,1
23.379000000000005,OUTBOUND_CRUISE_50M,1
23.429000000000002,OUTBOUND_CRUISE_50M,1
23.479,OUTBOUND_CRUISE_50M,1
23.529000000000003,OUTBOUND_CRUISE_50M,1
23.579,OUTBOUND_CRUISE_50M,1
23.629000000000005,OUTBOUND_CRUISE_50M,1
23.679000000000002,OUTBOUND_CRUISE_50M,1
23.729,OUTBOUND_CRUISE_50M,1
23.779000000000003,OUTBOUND_CRUISE_50M,1
23.829,OUTBOUND_CRUISE_50M,1
23.879000000000005,OUTBOUND_CRUISE_50M,1
23.929000000000002,OUTBOUND_CRUISE_50M,1
23.981,OUTBOUND_CRUISE_50M,1
24.029000000000003,OUTBOUND_CRUISE_50M,1
24.079,OUTBOUND_CRUISE_50M,1
24.129000000000005,OUTBOUND_CRUISE_50M,1
24.179000000000002,OUTBOUND_CRUISE_50M,1
24.229,OUTBOUND_CRUISE_50M,1
24.279000000000003,OUTBOUND_CRUISE_50M,1
24.329,OUTBOUND_CRUISE_50M,1
24.379000000000005,OUTBOUND_CRUISE_50M,1
24.429000000000002,OUTBOUND_CRUISE_50M,1
24.479,OUTBOUND_CRUISE_50M,1
24.529000000000003,OUTBOUND_CRUISE_50M,1
24.579,OUTBOUND_CRUISE_50M,1
24.629000000000005,OUTBOUND_CRUISE_50M,1
24.679000000000002,OUTBOUND_CRUISE_50M,1
24.729,OUTBOUND_CRUISE_50M,1
24.779000000000003,OUTBOUND_CRUISE_50M,1
24.829,OUTBOUND_CRUISE_50M,1
24.879000000000005,OUTBOUND_CRUISE_50M,1
24.929000000000002,OUTBOUND_CRUISE_50M,1
24.979,OUTBOUND_CRUISE_50M,1
25.029000000000003,OUTBOUND_CRUISE_50M,1
25.079,OUTBOUND_CRUISE_50M,1
25.129000000000005,OUTBOUND_CRUISE_50M,1
25.179000000000002,OUTBOUND_CRUISE_50M,1
25.229,OUTBOUND_CRUISE_50M,1
25.279000000000003,OUTBOUND_CRUISE_50M,1
25.329,OUTBOUND_CRUISE_50M,1
25.379000000000005,OUTBOUND_CRUISE_50M,1
25.429000000000002,OUTBOUND_CRUISE_50M,1
25.479,OUTBOUND_CRUISE_50M,1
25.529000000000003,OUTBOUND_CRUISE_50M,1
25.579,OUTBOUND_CRUISE_50M,1
25.629000000000005,OUTBOUND_CRUISE_50M,1
25.679000000000002,OUTBOUND_CRUISE_50M,1
25.729,OUTBOUND_CRUISE_50M,1
25.779000000000003,OUTBOUND_CRUISE_50M,1
25.829,OUTBOUND_CRUISE_50M,1
25.879000000000005,OUTBOUND_CRUISE_50M,1
25.929000000000002,OUTBOUND_CRUISE_50M,1
25.979,OUTBOUND_CRUISE_50M,1
26.029000000000003,OUTBOUND_CRUISE_50M,1
26.079,OUTBOUND_CRUISE_50M,1
26.129000000000005,OUTBOUND_CRUISE_50M,1
26.179000000000002,OUTBOUND_CRUISE_50M,1
26.229,OUTBOUND_CRUISE_50M,1
26.279000000000003,OUTBOUND_CRUISE_50M,1
26.329,OUTBOUND_CRUISE_50M,1
26.379000000000005,OUTBOUND_CRUISE_50M,1
26.429000000000002,OUTBOUND_CRUISE_50M,1
26.479,OUTBOUND_CRUISE_50M,1
26.529000000000003,OUTBOUND_CRUISE_50M,1
26.579,OUTBOUND_CRUISE_50M,1
26.629000000000005,OUTBOUND_CRUISE_50M,1
26.679000000000002,OUTBOUND_CRUISE_50M,1
26.729,OUTBOUND_CRUISE_50M,1
26.779000000000003,OUTBOUND_CRUISE_50M,1
26.829,OUTBOUND_CRUISE_50M,1
26.879000000000005,OUTBOUND_CRUISE_50M,1
26.929000000000002,OUTBOUND_CRUISE_50M,1
26.979,OUTBOUND_CRUISE_50M,1
27.029000000000003,OUTBOUND_CRUISE_50M,1
27.079,OUTBOUND_CRUISE_50M,1
27.129000000000005,OUTBOUND_CRUISE_50M,1
27.179000000000002,OUTBOUND_CRUISE_50M,1
27.229,OUTBOUND_CRUISE_50M,1
27.279000000000003,OUTBOUND_CRUISE_50M,1
27.329,OUTBOUND_CRUISE_50M,1
27.379000000000005,OUTBOUND_CRUISE_50M,1
27.429000000000002,OUTBOUND_CRUISE_50M,1
27.479,OUTBOUND_CRUISE_50M,1
27.532000000000004,OUTBOUND_CRUISE_50M,1
27.579,OUTBOUND_CRUISE_50M,1
27.629000000000005,OUTBOUND_CRUISE_50M,1
27.679000000000002,OUTBOUND_CRUISE_50M,1
27.729,OUTBOUND_CRUISE_50M,1
27.779000000000003,OUTBOUND_CRUISE_50M,1
27.829,OUTBOUND_CRUISE_50M,1
27.879000000000005,OUTBOUND_CRUISE_50M,1
27.929000000000002,OUTBOUND_CRUISE_50M,1
27.979,OUTBOUND_CRUISE_50M,1
28.029000000000003,OUTBOUND_CRUISE_50M,1
28.079,OUTBOUND_CRUISE_50M,1
28.129000000000005,OUTBOUND_CRUISE_50M,1
28.179000000000002,OUTBOUND_CRUISE_50M,1
28.229,OUTBOUND_CRUISE_50M,1
28.279000000000003,OUTBOUND_CRUISE_50M,1
28.329,OUTBOUND_CRUISE_50M,1
28.379000000000005,OUTBOUND_CRUISE_50M,1
28.429000000000002,OUTBOUND_CRUISE_50M,1
28.479,OUTBOUND_CRUISE_50M,1
28.529000000000003,OUTBOUND_CRUISE_50M,1
28.579,OUTBOUND_CRUISE_50M,1
28.629000000000005,OUTBOUND_CRUISE_50M,1
28.679000000000002,OUTBOUND_CRUISE_50M,1
28.729,OUTBOUND_CRUISE_50M,1
28.779000000000003,OUTBOUND_CRUISE_50M,1
28.829,OUTBOUND_CRUISE_50M,1
28.879000000000005,OUTBOUND_CRUISE_50M,1
28.929000000000002,OUTBOUND_CRUISE_50M,1
28.979,OUTBOUND_CRUISE_50M,1
29.029000000000003,OUTBOUND_CRUISE_50M,1
29.079,OUTBOUND_CRUISE_50M,1
29.129000000000005,OUTBOUND_CRUISE_50M,1
29.179000000000002,OUTBOUND_CRUISE_50M,1
29.229,OUTBOUND_CRUISE_50M,1
29.279000000000003,OUTBOUND_CRUISE_50M,1
29.329,OUTBOUND_CRUISE_50M,1
29.379000000000005,OUTBOUND_CRUISE_50M,1
29.429000000000002,OUTBOUND_CRUISE_50M,1
29.479,OUTBOUND_CRUISE_50M,1
29.529000000000003,OUTBOUND_CRUISE_50M,1
29.579,OUTBOUND_CRUISE_50M,1
29.629000000000005,OUTBOUND_CRUISE_50M,1
29.679000000000002,OUTBOUND_CRUISE_50M,1
29.729,OUTBOUND_CRUISE_50M,1
29.779000000000003,OUTBOUND_CRUISE_50M,1
29.829,OUTBOUND_CRUISE_50M,1
29.879000000000005,OUTBOUND_CRUISE_50M,1
29.929000000000002,OUTBOUND_CRUISE_50M,1
29.979,OUTBOUND_CRUISE_50M,1
30.029000000000003,OUTBOUND_CRUISE_50M,1
30.079,OUTBOUND_CRUISE_50M,1
30.129000000000005,OUTBOUND_CRUISE_50M,1
30.179000000000002,OUTBOUND_CRUISE_50M,1
30.229,OUTBOUND_CRUISE_50M,1
30.279000000000003,OUTBOUND_CRUISE_50M,1
30.329,OUTBOUND_CRUISE_50M,1
30.379000000000005,OUTBOUND_CRUISE_50M,1
30.429000000000002,OUTBOUND_CRUISE_50M,1
30.479,OUTBOUND_CRUISE_50M,1
30.529000000000003,OUTBOUND_CRUISE_50M,1
30.579,OUTBOUND_CRUISE_50M,1
30.629000000000005,OUTBOUND_CRUISE_50M,1
30.679000000000002,OUTBOUND_CRUISE_50M,1
30.729,OUTBOUND_CRUISE_50M,1
30.779000000000003,OUTBOUND_CRUISE_50M,1
30.829,OUTBOUND_CRUISE_50M,1
30.879000000000005,OUTBOUND_CRUISE_50M,1
30.929000000000002,OUTBOUND_CRUISE_50M,1
30.979,OUTBOUND_CRUISE_50M,1
31.029000000000003,OUTBOUND_CRUISE_50M,1
31.079,OUTBOUND_CRUISE_50M,1
31.129000000000005,OUTBOUND_CRUISE_50M,1
31.179000000000002,OUTBOUND_CRUISE_50M,1
31.229,OUTBOUND_CRUISE_50M,1
31.279000000000003,OUTBOUND_CRUISE_50M,1
31.329,OUTBOUND_CRUISE_50M,1
31.379000000000005,OUTBOUND_CRUISE_50M,1
31.429000000000002,OUTBOUND_CRUISE_50M,1
31.479,OUTBOUND_CRUISE_50M,1
31.529000000000003,OUTBOUND_CRUISE_50M,1
31.579,OUTBOUND_CRUISE_50M,1
31.629000000000005,OUTBOUND_CRUISE_50M,1
31.679000000000002,OUTBOUND_CRUISE_50M,1
31.729,OUTBOUND_CRUISE_50M,1
31.779000000000003,OUTBOUND_CRUISE_50M,1
31.829,OUTBOUND_CRUISE_50M,1
31.881,OUTBOUND_CRUISE_50M,1
31.929000000000002,OUTBOUND_CRUISE_50M,1
31.979,OUTBOUND_CRUISE_50M,1
32.029,OUTBOUND_CRUISE_50M,1
32.079,OUTBOUND_CRUISE_50M,1
32.129000000000005,OUTBOUND_CRUISE_50M,1
32.179,OUTBOUND_CRUISE_50M,1
32.229,OUTBOUND_CRUISE_50M,1
32.279,OUTBOUND_CRUISE_50M,1
32.329,OUTBOUND_CRUISE_50M,1
32.379000000000005,OUTBOUND_CRUISE_50M,1
32.429,OUTBOUND_CRUISE_50M,1
32.479,OUTBOUND_CRUISE_50M,1
32.529,OUTBOUND_CRUISE_50M,1
32.579,OUTBOUND_CRUISE_50M,1
32.629000000000005,OUTBOUND_CRUISE_50M,1
32.679,OUTBOUND_CRUISE_50M,1
32.729,OUTBOUND_CRUISE_50M,1
32.779,OUTBOUND_CRUISE_50M,1
32.829,OUTBOUND_CRUISE_50M,1
32.879000000000005,OUTBOUND_CRUISE_50M,1
32.929,OUTBOUND_CRUISE_50M,1
32.979,OUTBOUND_CRUISE_50M,1
33.029,OUTBOUND_CRUISE_50M,1
33.079,OUTBOUND_CRUISE_50M,1
33.129000000000005,OUTBOUND_CRUISE_50M,1
33.179,OUTBOUND_CRUISE_50M,1
33.229,OUTBOUND_CRUISE_50M,1
33.279,OUTBOUND_CRUISE_50M,1
33.329,OUTBOUND_CRUISE_50M,1
33.379000000000005,OUTBOUND_CRUISE_50M,1
33.429,OUTBOUND_CRUISE_50M,1
33.479,OUTBOUND_CRUISE_50M,1
33.529,OUTBOUND_CRUISE_50M,1
33.579,OUTBOUND_CRUISE_50M,1
33.629000000000005,OUTBOUND_CRUISE_50M,1
33.679,OUTBOUND_CRUISE_50M,1
33.729,OUTBOUND_CRUISE_50M,1
33.779,OUTBOUND_CRUISE_50M,1
33.829,OUTBOUND_CRUISE_50M,1
33.879000000000005,OUTBOUND_CRUISE_50M,1
33.929,OUTBOUND_CRUISE_50M,1
33.979,OUTBOUND_CRUISE_50M,1
34.029,OUTBOUND_CRUISE_50M,1
34.079,OUTBOUND_CRUISE_50M,1
34.129000000000005,OUTBOUND_CRUISE_50M,1
34.179,OUTBOUND_CRUISE_50M,1
34.229,OUTBOUND_CRUISE_50M,1
34.279,OUTBOUND_CRUISE_50M,1
34.329,OUTBOUND_CRUISE_50M,1
34.379000000000005,OUTBOUND_CRUISE_50M,1
34.429,OUTBOUND_CRUISE_50M,1
34.479,OUTBOUND_CRUISE_50M,1
34.529,OUTBOUND_CRUISE_50M,1
34.579,OUTBOUND_CRUISE_50M,1
34.629000000000005,OUTBOUND_CRUISE_50M,1
34.679,OUTBOUND_CRUISE_50M,1
34.729,OUTBOUND_CRUISE_50M,1
34.78,OUTBOUND_CRUISE_50M,1
34.829,OUTBOUND_CRUISE_50M,1
34.879000000000005,OUTBOUND_CRUISE_50M,1
34.929,OUTBOUND_CRUISE_50M,1
34.979,OUTBOUND_CRUISE_50M,1
35.029,OUTBOUND_CRUISE_50M,1
35.079,OUTBOUND_CRUISE_50M,1
35.129000000000005,OUTBOUND_CRUISE_50M,1
35.179,OUTBOUND_CRUISE_50M,1
35.229,OUTBOUND_CRUISE_50M,1
35.279,OUTBOUND_CRUISE_50M,1
35.329,OUTBOUND_CRUISE_50M,1
35.379000000000005,OUTBOUND_CRUISE_50M,1
35.429,OUTBOUND_CRUISE_50M,1
35.479,OUTBOUND_CRUISE_50M,1
35.529,OUTBOUND_CRUISE_50M,1
35.579,OUTBOUND_CRUISE_50M,1
35.629000000000005,OUTBOUND_CRUISE_50M,1
35.679,OUTBOUND_CRUISE_50M,1
35.729,OUTBOUND_CRUISE_50M,1
35.779,OUTBOUND_CRUISE_50M,1
35.829,OUTBOUND_CRUISE_50M,1
35.879000000000005,OUTBOUND_CRUISE_50M,1
35.929,OUTBOUND_CRUISE_50M,1
35.979,OUTBOUND_CRUISE_50M,1
36.029,OUTBOUND_CRUISE_50M,1
36.079,OUTBOUND_CRUISE_50M,1
36.129000000000005,OUTBOUND_CRUISE_50M,1
36.179,OUTBOUND_CRUISE_50M,1
36.229,OUTBOUND_CRUISE_50M,1
36.279,OUTBOUND_CRUISE_50M,1
36.329,OUTBOUND_CRUISE_50M,1
36.379000000000005,OUTBOUND_CRUISE_50M,1
36.429,OUTBOUND_CRUISE_50M,1
36.479,OUTBOUND_CRUISE_50M,1
36.529,OUTBOUND_CRUISE_50M,1
36.579,OUTBOUND_CRUISE_50M,1
36.629000000000005,OUTBOUND_CRUISE_50M,1
36.679,OUTBOUND_CRUISE_50M,1
36.729,OUTBOUND_CRUISE_50M,1
36.779,OUTBOUND_CRUISE_50M,1
36.829,OUTBOUND_CRUISE_50M,1
36.879000000000005,OUTBOUND_CRUISE_50M,1
36.929,OUTBOUND_CRUISE_50M,1
36.979,OUTBOUND_CRUISE_50M,1
37.029,OUTBOUND_CRUISE_50M,1
37.079,OUTBOUND_CRUISE_50M,1
37.129000000000005,OUTBOUND_CRUISE_50M,1
37.18,OUTBOUND_CRUISE_50M,1
37.229,OUTBOUND_CRUISE_50M,1
37.279,OUTBOUND_CRUISE_50M,1
37.329,OUTBOUND_CRUISE_50M,1
37.379000000000005,OUTBOUND_CRUISE_50M,1
37.429,OUTBOUND_CRUISE_50M,1
37.479,OUTBOUND_CRUISE_50M,1
37.529,OUTBOUND_CRUISE_50M,1
37.579,OUTBOUND_CRUISE_50M,1
37.629000000000005,OUTBOUND_CRUISE_50M,1
37.679,OUTBOUND_CRUISE_50M,1
37.729,OUTBOUND_CRUISE_50M,1
37.779,OUTBOUND_CRUISE_50M,1
37.829,OUTBOUND_CRUISE_50M,1
37.879000000000005,OUTBOUND_CRUISE_50M,1
37.929,OUTBOUND_CRUISE_50M,1
37.979,OUTBOUND_CRUISE_50M,1
38.029,OUTBOUND_CRUISE_50M,1
38.079,OUTBOUND_CRUISE_50M,1
38.129000000000005,OUTBOUND_CRUISE_50M,1
38.179,OUTBOUND_CRUISE_50M,1
38.229,OUTBOUND_CRUISE_50M,1
38.279,OUTBOUND_CRUISE_50M,1
38.329,OUTBOUND_CRUISE_50M,1
38.379000000000005,OUTBOUND_CRUISE_50M,1
38.429,OUTBOUND_CRUISE_50M,1
38.480000000000004,OUTBOUND_CRUISE_50M,1
38.529,OUTBOUND_CRUISE_50M,1
38.579,OUTBOUND_CRUISE_50M,1
38.629000000000005,OUTBOUND_CRUISE_50M,1
38.679,OUTBOUND_CRUISE_50M,1
38.729,OUTBOUND_CRUISE_50M,1
38.779,OUTBOUND_CRUISE_50M,1
38.829,OUTBOUND_CRUISE_50M,1
38.879000000000005,OUTBOUND_CRUISE_50M,1
38.929,OUTBOUND_CRUISE_50M,1
38.979,OUTBOUND_CRUISE_50M,1
39.029,OUTBOUND_CRUISE_50M,1
39.079,OUTBOUND_CRUISE_50M,1
39.129000000000005,OUTBOUND_CRUISE_50M,1
39.179,OUTBOUND_CRUISE_50M,1
39.229,OUTBOUND_CRUISE_50M,1
39.279,OUTBOUND_CRUISE_50M,1
39.329,OUTBOUND_CRUISE_50M,1
39.379000000000005,OUTBOUND_CRUISE_50M,1
39.429,OUTBOUND_CRUISE_50M,1
39.479,OUTBOUND_CRUISE_50M,1
39.529,OUTBOUND_CRUISE_50M,1
39.579,OUTBOUND_CRUISE_50M,1
39.629000000000005,OUTBOUND_CRUISE_50M,1
39.679,OUTBOUND_CRUISE_50M,1
39.729,OUTBOUND_CRUISE_50M,1
39.779,OUTBOUND_CRUISE_50M,1
39.829,OUTBOUND_CRUISE_50M,1
39.879000000000005,OUTBOUND_CRUISE_50M,1
39.929,TURN_AROUND,1
39.979,TURN_AROUND,1
40.029,TURN_AROUND,1
40.079,TURN_AROUND,1
40.129000000000005,TURN_AROUND,1
40.179,TURN_AROUND,1
40.229,TURN_AROUND,1
40.279,TURN_AROUND,1
40.329,TURN_AROUND,1
40.379000000000005,TURN_AROUND,1
40.429,TURN_AROUND,1
40.479,TURN_AROUND,1
40.529,TURN_AROUND,1
40.579,TURN_AROUND,1
40.629000000000005,TURN_AROUND,1
40.679,TURN_AROUND,1
40.729,TURN_AROUND,1
40.779,TURN_AROUND,1
40.829,TURN_AROUND,1
40.879000000000005,TURN_AROUND,1
40.929,TURN_AROUND,1
40.979,TURN_AROUND,1
41.029,TURN_AROUND,1
41.079,TURN_AROUND,1
41.129000000000005,TURN_AROUND,1
41.179,TURN_AROUND,1
41.230000000000004,TURN_AROUND,1
41.279,TURN_AROUND,1
41.329,TURN_AROUND,1
41.379000000000005,TURN_AROUND,1
41.429,TURN_AROUND,1
41.479,TURN_AROUND,1
41.529,TURN_AROUND,1
41.579,TURN_AROUND,1
41.629000000000005,TURN_AROUND,1
41.679,TURN_AROUND,1
41.729,TURN_AROUND,1
41.779,TURN_AROUND,1
41.829,TURN_AROUND,1
41.879000000000005,TURN_AROUND,1
41.929,TURN_AROUND,1
41.979,TURN_AROUND,1
42.029,TURN_AROUND,1
42.079,TURN_AROUND,1
42.129000000000005,TURN_AROUND,1
42.179,TURN_AROUND,1
42.229,TURN_AROUND,1
42.279,TURN_AROUND,1
42.329,TURN_AROUND,1
42.379000000000005,TURN_AROUND,1
42.429,TURN_AROUND,1
42.479,TURN_AROUND,1
42.529,TURN_AROUND,1
42.579,TURN_AROUND,1
42.629000000000005,TURN_AROUND,1
42.679,TURN_AROUND,1
42.729,TURN_AROUND,1
42.779,TURN_AROUND,1
42.829,TURN_AROUND,1
42.879000000000005,TURN_AROUND,1
42.929,TURN_AROUND,1
42.979,TURN_AROUND,1
43.029,TURN_AROUND,1
43.079,TURN_AROUND,1
43.129000000000005,TURN_AROUND,1
43.179,TURN_AROUND,1
43.229,TURN_AROUND,1
43.279,TURN_AROUND,1
43.329,TURN_AROUND,1
43.379000000000005,TURN_AROUND,1
43.429,TURN_AROUND,1
43.479,TURN_AROUND,1
43.529,TURN_AROUND,1
43.579,TURN_AROUND,1
43.629000000000005,TURN_AROUND,1
43.679,TURN_AROUND,1
43.729,TURN_AROUND,1
43.779,TURN_AROUND,1
43.829,TURN_AROUND,1
43.879000000000005,TURN_AROUND,1
43.929,TURN_AROUND,1
43.979,TURN_AROUND,1
44.029,TURN_AROUND,1
44.079,TURN_AROUND,1
44.129000000000005,TURN_AROUND,1
44.179,TURN_AROUND,1
44.229,TURN_AROUND,1
44.279,TURN_AROUND,1
44.329,TURN_AROUND,1
44.379000000000005,TURN_AROUND,1
44.429,TURN_AROUND,1
44.479,TURN_AROUND,1
44.529,TURN_AROUND,1
44.579,TURN_AROUND,1
44.629000000000005,TURN_AROUND,1
44.679,TURN_AROUND,1
44.729,TURN_AROUND,1
44.779,TURN_AROUND,1
44.829,TURN_AROUND,1
44.879000000000005,TURN_AROUND,1
44.929,TURN_AROUND,1
44.979,TURN_AROUND,1
45.029,TURN_AROUND,1
45.079,TURN_AROUND,1
45.129000000000005,TURN_AROUND,1
45.179,TURN_AROUND,1
45.229,TURN_AROUND,1
45.279,TURN_AROUND,1
45.329,TURN_AROUND,1
45.379000000000005,TURN_AROUND,1
45.429,TURN_AROUND,1
45.479,TURN_AROUND,1
45.529,TURN_AROUND,1
45.579,TURN_AROUND,1
45.631,TURN_AROUND,1
45.679,TURN_AROUND,1
45.729,TURN_AROUND,1
45.779,TURN_AROUND,1
45.829,TURN_AROUND,1
45.879000000000005,TURN_AROUND,1
45.929,TURN_AROUND,1
45.979,TURN_AROUND,1
46.029,TURN_AROUND,1
46.079,TURN_AROUND,1
46.129000000000005,TURN_AROUND,1
46.179,TURN_AROUND,1
46.229,TURN_AROUND,1
46.279,TURN_AROUND,1
46.329,TURN_AROUND,1
46.379000000000005,TURN_AROUND,1
46.429,TURN_AROUND,1
46.479,TURN_AROUND,1
46.529,TURN_AROUND,1
46.579,TURN_AROUND,1
46.629000000000005,TURN_AROUND,1
46.679,TURN_AROUND,1
46.729,TURN_AROUND,1
46.779,TURN_AROUND,1
46.829,TURN_AROUND,1
46.879000000000005,TURN_AROUND,1
46.929,TURN_AROUND,1
46.979,TURN_AROUND,1
47.029,TURN_AROUND,1
47.079,TURN_AROUND,1
47.129000000000005,TURN_AROUND,1
47.179,TURN_AROUND,1
47.229,TURN_AROUND,1
47.279,TURN_AROUND,1
47.329,TURN_AROUND,1
47.38,TURN_AROUND,1
47.429,TURN_AROUND,1
47.479,TURN_AROUND,1
47.529,TURN_AROUND,1
47.579,TURN_AROUND,1
47.629000000000005,TURN_AROUND,1
47.679,TURN_AROUND,1
47.729,TURN_AROUND,1
47.779,TURN_AROUND,1
47.829,TURN_AROUND,1
47.879000000000005,TURN_AROUND,1
47.929,TURN_AROUND,1
47.979,TURN_AROUND,1
48.029,TURN_AROUND,1
48.079,TURN_AROUND,1
48.129000000000005,TURN_AROUND,1
48.18,TURN_AROUND,1
48.229,TURN_AROUND,1
48.279,TURN_AROUND,1
48.329,TURN_AROUND,1
48.379000000000005,TURN_AROUND,1
48.429,TURN_AROUND,1
48.479,TURN_AROUND,1
48.529,TURN_AROUND,1
48.579,TURN_AROUND,1
48.629000000000005,TURN_AROUND,1
48.679,TURN_AROUND,1
48.729,TURN_AROUND,1
48.779,TURN_AROUND,1
48.829,TURN_AROUND,1
48.88,TURN_AROUND,1
48.929,TURN_AROUND,1
48.979,TURN_AROUND,1
49.029,TURN_AROUND,1
49.079,TURN_AROUND,1
49.129000000000005,TURN_AROUND,1
49.179,TURN_AROUND,1
49.229,TURN_AROUND,1
49.279,TURN_AROUND,1
49.329,TURN_AROUND,1
49.379000000000005,TURN_AROUND,1
49.429,TURN_AROUND,1
49.479,TURN_AROUND,1
49.529,TURN_AROUND,1
49.579,TURN_AROUND,1
49.629000000000005,TURN_AROUND,1
49.679,TURN_AROUND,1
49.729,TURN_AROUND,1
49.779,TURN_AROUND,1
49.829,TURN_AROUND,1
49.879000000000005,TURN_AROUND,1
49.929,TURN_AROUND,1
49.979,TURN_AROUND,1
50.029,TURN_AROUND,1
50.079,TURN_AROUND,1
50.129000000000005,TURN_AROUND,1
50.179,TURN_AROUND,1
50.229,TURN_AROUND,1
50.279,TURN_AROUND,1
50.329,TURN_AROUND,1
50.379000000000005,TURN_AROUND,1
50.429,TURN_AROUND,1
50.479,TURN_AROUND,1
50.529,TURN_AROUND,1
50.579,TURN_AROUND,1
50.629000000000005,TURN_AROUND,1
50.679,TURN_AROUND,1
50.729,TURN_AROUND,1
50.778999999999996,TURN_AROUND,1
50.82900000000001,TURN_AROUND,1
50.879000000000005,TURN_AROUND,1
50.929,TURN_AROUND,1
50.979,TURN_AROUND,1
51.028999999999996,TURN_AROUND,1
51.07900000000001,TURN_AROUND,1
51.129000000000005,TURN_AROUND,1
51.179,TURN_AROUND,1
51.230000000000004,TURN_AROUND,1
51.278999999999996,TURN_AROUND,1
51.32900000000001,TURN_AROUND,1
51.379000000000005,TURN_AROUND,1
51.429,TURN_AROUND,1
51.479,TURN_AROUND,1
51.528999999999996,TURN_AROUND,1
51.57900000000001,TURN_AROUND,1
51.629000000000005,TURN_AROUND,1
51.679,TURN_AROUND,1
51.729,TURN_AROUND,1
51.778999999999996,TURN_AROUND,1
51.82900000000001,TURN_AROUND,1
51.879000000000005,TURN_AROUND,1
51.929,TURN_AROUND,1
51.980000000000004,TURN_AROUND,1
52.028999999999996,TURN_AROUND,1
52.07900000000001,TURN_AROUND,1
52.129000000000005,TURN_AROUND,1
52.179,TURN_AROUND,1
52.229,TURN_AROUND,1
52.278999999999996,TURN_AROUND,1
52.32900000000001,TURN_AROUND,1
52.379000000000005,TURN_AROUND,1
52.429,TURN_AROUND,1
52.479,TURN_AROUND,1
52.528999999999996,TURN_AROUND,1
52.57900000000001,TURN_AROUND,1
52.629000000000005,TURN_AROUND,1
52.679,TURN_AROUND,1
52.729,TURN_AROUND,1
52.778999999999996,TURN_AROUND,1
52.82900000000001,TURN_AROUND,1
52.879000000000005,TURN_AROUND,1
52.929,TURN_AROUND,1
52.979,TURN_AROUND,1
53.028999999999996,TURN_AROUND,1
53.07900000000001,TURN_AROUND,1
53.129000000000005,TURN_AROUND,1
53.179,TURN_AROUND,1
53.229,TURN_AROUND,1
53.278999999999996,TURN_AROUND,1
53.32900000000001,TURN_AROUND,1
53.379000000000005,TURN_AROUND,1
53.429,TURN_AROUND,1
53.479,TURN_AROUND,1
53.528999999999996,TURN_AROUND,1
53.57900000000001,TURN_AROUND,1
53.629000000000005,TURN_AROUND,1
53.679,TURN_AROUND,1
53.729,TURN_AROUND,1
53.778999999999996,TURN_AROUND,1
53.82900000000001,TURN_AROUND,1
53.879000000000005,TURN_AROUND,1
53.929,TURN_AROUND,1
53.979,TURN_AROUND,1
54.028999999999996,TURN_AROUND,1
54.07900000000001,TURN_AROUND,1
54.129000000000005,TURN_AROUND,1
54.179,TURN_AROUND,1
54.229,TURN_AROUND,1
54.278999999999996,TURN_AROUND,1
54.32900000000001,TURN_AROUND,1
54.379000000000005,TURN_AROUND,1
54.429,TURN_AROUND,1
54.479,TURN_AROUND,1
54.528999999999996,TURN_AROUND,1
54.57900000000001,TURN_AROUND,1
54.629000000000005,TURN_AROUND,1
54.679,TURN_AROUND,1
54.729,TURN_AROUND,1
54.778999999999996,TURN_AROUND,1
54.82900000000001,TURN_AROUND,1
54.879000000000005,TURN_AROUND,1
54.929,TURN_AROUND,1
54.979,TURN_AROUND,1
55.028999999999996,TURN_AROUND,1
55.07900000000001,TURN_AROUND,1
55.129000000000005,TURN_AROUND,1
55.179,TURN_AROUND,1
55.229,TURN_AROUND,1
55.278999999999996,TURN_AROUND,1
55.33,TURN_AROUND,1
55.379000000000005,TURN_AROUND,1
55.429,TURN_AROUND,1
55.479,TURN_AROUND,1
55.528999999999996,TURN_AROUND,1
55.57900000000001,TURN_AROUND,1
55.629000000000005,TURN_AROUND,1
55.679,TURN_AROUND,1
55.729,TURN_AROUND,1
55.778999999999996,TURN_AROUND,1
55.82900000000001,TURN_AROUND,1
55.879000000000005,TURN_AROUND,1
55.929,TURN_AROUND,1
55.979,TURN_AROUND,1
56.028999999999996,TURN_AROUND,1
56.07900000000001,TURN_AROUND,1
56.129000000000005,TURN_AROUND,1
56.179,TURN_AROUND,1
56.229,TURN_AROUND,1
56.278999999999996,TURN_AROUND,1
56.32900000000001,TURN_AROUND,1
56.379000000000005,TURN_AROUND,1
56.429,TURN_AROUND,1
56.479,TURN_AROUND,1
56.528999999999996,TURN_AROUND,1
56.57900000000001,TURN_AROUND,1
56.629000000000005,TURN_AROUND,1
56.679,TURN_AROUND,1
56.729,TURN_AROUND,1
56.778999999999996,TURN_AROUND,1
56.82900000000001,TURN_AROUND,1
56.879000000000005,TURN_AROUND,1
56.929,TURN_AROUND,1
56.979,TURN_AROUND,1
57.028999999999996,TURN_AROUND,1
57.07900000000001,TURN_AROUND,1
57.129000000000005,TURN_AROUND,1
57.179,TURN_AROUND,1
57.229,TURN_AROUND,1
57.278999999999996,TURN_AROUND,1
57.32900000000001,TURN_AROUND,1
57.379000000000005,TURN_AROUND,1
57.429,TURN_AROUND,1
57.479,TURN_AROUND,1
57.528999999999996,TURN_AROUND,1
57.57900000000001,TURN_AROUND,1
57.629000000000005,TURN_AROUND,1
57.679,TURN_AROUND,1
57.729,TURN_AROUND,1
57.778999999999996,TURN_AROUND,1
57.82900000000001,TURN_AROUND,1
57.879000000000005,TURN_AROUND,1
57.929,TURN_AROUND,1
57.979,TURN_AROUND,1
58.028999999999996,TURN_AROUND,1
58.07900000000001,TURN_AROUND,1
58.129000000000005,TURN_AROUND,1
58.179,TURN_AROUND,1
58.229,TURN_AROUND,1
58.278999999999996,TURN_AROUND,1
58.32900000000001,TURN_AROUND,1
58.379000000000005,TURN_AROUND,1
58.429,TURN_AROUND,1
58.479,TURN_AROUND,1
58.528999999999996,TURN_AROUND,1
58.57900000000001,TURN_AROUND,1
58.631,TURN_AROUND,1
58.679,TURN_AROUND,1
58.729,TURN_AROUND,1
58.778999999999996,TURN_AROUND,1
58.831,TURN_AROUND,1
58.879000000000005,TURN_AROUND,1
58.929,TURN_AROUND,1
58.979,TURN_AROUND,1
59.028999999999996,TURN_AROUND,1
59.07900000000001,TURN_AROUND,1
59.129000000000005,TURN_AROUND,1
59.179,TURN_AROUND,1
59.229,TURN_AROUND,1
59.278999999999996,TURN_AROUND,1
59.32900000000001,TURN_AROUND,1
59.379000000000005,TURN_AROUND,1
59.429,TURN_AROUND,1
59.479,TURN_AROUND,1
59.528999999999996,TURN_AROUND,1
59.57900000000001,TURN_AROUND,1
59.629000000000005,TURN_AROUND,1
59.679,TURN_AROUND,1
59.729,TURN_AROUND,1
59.778999999999996,TURN_AROUND,1
59.82900000000001,TURN_AROUND,1
59.879000000000005,TURN_AROUND,1
59.929,TURN_AROUND,1
59.979,TURN_AROUND,1
60.028999999999996,TURN_AROUND,1
60.07900000000001,TURN_AROUND,1
60.129000000000005,TURN_AROUND,1
60.179,TURN_AROUND,1
60.229,TURN_AROUND,1
60.278999999999996,TURN_AROUND,1
60.32900000000001,TURN_AROUND,1
60.379000000000005,TURN_AROUND,1
60.429,TURN_AROUND,1
60.479,TURN_AROUND,1
60.528999999999996,TURN_AROUND,1
60.57900000000001,TURN_AROUND,1
60.629000000000005,TURN_AROUND,1
60.679,TURN_AROUND,1
60.729,TURN_AROUND,1
60.778999999999996,TURN_AROUND,1
60.82900000000001,TURN_AROUND,1
60.879000000000005,TURN_AROUND,1
60.929,TURN_AROUND,1
60.979,TURN_AROUND,1
61.028999999999996,TURN_AROUND,1
61.07900000000001,TURN_AROUND,1
61.129000000000005,TURN_AROUND,1
61.179,TURN_AROUND,1
61.229,TURN_AROUND,1
61.278999999999996,TURN_AROUND,1
61.32900000000001,TURN_AROUND,1
61.379000000000005,TURN_AROUND,1
61.429,TURN_AROUND,1
61.479,TURN_AROUND,1
61.528999999999996,TURN_AROUND,1
61.57900000000001,TURN_AROUND,1
61.629000000000005,TURN_AROUND,1
61.679,TURN_AROUND,1
61.729,TURN_AROUND,1
61.778999999999996,TURN_AROUND,1
61.82900000000001,TURN_AROUND,1
61.879000000000005,TURN_AROUND,1
61.929,TURN_AROUND,1
61.979,TURN_AROUND,1
62.028999999999996,TURN_AROUND,1
62.07900000000001,TURN_AROUND,1
62.129000000000005,TURN_AROUND,1
62.179,TURN_AROUND,1
62.229,TURN_AROUND,1
62.278999999999996,TURN_AROUND,1
62.32900000000001,TURN_AROUND,1
62.379000000000005,TURN_AROUND,1
62.429,TURN_AROUND,1
62.479,TURN_AROUND,1
62.528999999999996,TURN_AROUND,1
62.57900000000001,TURN_AROUND,1
62.629000000000005,TURN_AROUND,1
62.679,TURN_AROUND,1
62.729,TURN_AROUND,1
62.778999999999996,TURN_AROUND,1
62.82900000000001,TURN_AROUND,1
62.879000000000005,TURN_AROUND,1
62.929,TURN_AROUND,1
62.979,TURN_AROUND,1
63.028999999999996,TURN_AROUND,1
63.07900000000001,TURN_AROUND,1
63.129000000000005,TURN_AROUND,1
63.179,TURN_AROUND,1
63.229,TURN_AROUND,1
63.278999999999996,TURN_AROUND,1
63.32900000000001,TURN_AROUND,1
63.379000000000005,TURN_AROUND,1
63.429,TURN_AROUND,1
63.479,TURN_AROUND,1
63.528999999999996,TURN_AROUND,1
63.57900000000001,TURN_AROUND,1
63.629000000000005,TURN_AROUND,1
63.679,TURN_AROUND,1
63.729,TURN_AROUND,1
63.778999999999996,TURN_AROUND,1
63.82900000000001,TURN_AROUND,1
63.879000000000005,TURN_AROUND,1
63.929,TURN_AROUND,1
63.980000000000004,TURN_AROUND,1
64.029,TURN_AROUND,1
64.07900000000001,TURN_AROUND,1
64.129,TURN_AROUND,1
64.179,TURN_AROUND,1
64.229,TURN_AROUND,1
64.279,TURN_AROUND,1
64.32900000000001,TURN_AROUND,1
64.379,TURN_AROUND,1
64.429,TURN_AROUND,1
64.479,TURN_AROUND,1
64.529,TURN_AROUND,1
64.57900000000001,TURN_AROUND,1
64.629,TURN_AROUND,1
64.679,TURN_AROUND,1
64.729,TURN_AROUND,1
64.779,TURN_AROUND,1
64.82900000000001,TURN_AROUND,1
64.879,TURN_AROUND,1
64.929,TURN_AROUND,1
64.979,TURN_AROUND,1
65.029,TURN_AROUND,1
65.07900000000001,TURN_AROUND,1
65.129,TURN_AROUND,1
65.179,TURN_AROUND,1
65.229,TURN_AROUND,1
65.279,TURN_AROUND,1
65.32900000000001,TURN_AROUND,1
65.379,TURN_AROUND,1
65.429,TURN_AROUND,1
65.479,TURN_AROUND,1
65.529,TURN_AROUND,1
65.57900000000001,TURN_AROUND,1
65.629,TURN_AROUND,1
65.68,TURN_AROUND,1
65.729,TURN_AROUND,1
65.779,TURN_AROUND,1
65.82900000000001,TURN_AROUND,1
65.879,TURN_AROUND,1
65.929,TURN_AROUND,1
65.979,TURN_AROUND,1
66.029,TURN_AROUND,1
66.08,TURN_AROUND,1
66.129,TURN_AROUND,1
66.179,TURN_AROUND,1
66.229,TURN_AROUND,1
66.279,TURN_AROUND,1
66.32900000000001,TURN_AROUND,1
66.379,TURN_AROUND,1
66.429,TURN_AROUND,1
66.479,TURN_AROUND,1
66.529,TURN_AROUND,1
66.57900000000001,TURN_AROUND,1
66.629,TURN_AROUND,1
66.679,TURN_AROUND,1
66.729,TURN_AROUND,1
66.779,TURN_AROUND,1
66.82900000000001,TURN_AROUND,1
66.879,TURN_AROUND,1
66.929,TURN_AROUND,1
66.98,TURN_AROUND,1
67.029,TURN_AROUND,1
67.07900000000001,TURN_AROUND,1
67.129,TURN_AROUND,1
67.179,TURN_AROUND,1
67.229,TURN_AROUND,1
67.279,TURN_AROUND,1
67.32900000000001,TURN_AROUND,1
67.379,TURN_AROUND,1
67.429,TURN_AROUND,1
67.479,TURN_AROUND,1
67.529,TURN_AROUND,1
67.57900000000001,TURN_AROUND,1
67.629,TURN_AROUND,1
67.679,TURN_AROUND,1
67.729,TURN_AROUND,1
67.779,TURN_AROUND,1
67.82900000000001,TURN_AROUND,1
67.879,TURN_AROUND,1
67.929,TURN_AROUND,1
67.979,TURN_AROUND,1
68.029,TURN_AROUND,1
68.07900000000001,TURN_AROUND,1
68.129,TURN_AROUND,1
68.179,TURN_AROUND,1
68.229,TURN_AROUND,1
68.279,TURN_AROUND,1
68.32900000000001,TURN_AROUND,1
68.379,TURN_AROUND,1
68.429,TURN_AROUND,1
68.479,TURN_AROUND,1
68.529,TURN_AROUND,1
68.57900000000001,TURN_AROUND,1
68.629,TURN_AROUND,1
68.679,TURN_AROUND,1
68.729,TURN_AROUND,1
68.779,TURN_AROUND,1
68.82900000000001,TURN_AROUND,1
68.879,TURN_AROUND,1
68.929,TURN_AROUND,1
68.979,TURN_AROUND,1
69.029,TURN_AROUND,1
69.07900000000001,TURN_AROUND,1
69.129,TURN_AROUND,1
69.179,TURN_AROUND,1
69.229,TURN_AROUND,1
69.279,TURN_AROUND,1
69.32900000000001,TURN_AROUND,1
69.379,TURN_AROUND,1
69.429,TURN_AROUND,1
69.479,TURN_AROUND,1
69.529,TURN_AROUND,1
69.57900000000001,TURN_AROUND,1
69.629,TURN_AROUND,1
69.679,TURN_AROUND,1
69.729,TURN_AROUND,1
69.779,TURN_AROUND,1
69.82900000000001,TURN_AROUND,1
69.879,TURN_AROUND,1
69.929,TURN_AROUND,1
69.979,TURN_AROUND,1
70.029,TURN_AROUND,1
70.07900000000001,TURN_AROUND,1
70.129,TURN_AROUND,1
70.179,TURN_AROUND,1
70.229,TURN_AROUND,1
70.279,TURN_AROUND,1
70.32900000000001,TURN_AROUND,1
70.379,TURN_AROUND,1
70.429,TURN_AROUND,1
70.479,TURN_AROUND,1
70.529,TURN_AROUND,1
70.57900000000001,TURN_AROUND,1
70.629,TURN_AROUND,1
70.679,TURN_AROUND,1
70.729,TURN_AROUND,1
70.779,TURN_AROUND,1
70.82900000000001,TURN_AROUND,1
70.879,TURN_AROUND,1
70.929,TURN_AROUND,1
70.979,TURN_AROUND,1
71.029,TURN_AROUND,1
71.07900000000001,TURN_AROUND,1
71.129,TURN_AROUND,1
71.179,TURN_AROUND,1
71.229,TURN_AROUND,1
71.279,TURN_AROUND,1
71.32900000000001,TURN_AROUND,1
71.379,TURN_AROUND,1
71.429,TURN_AROUND,1
71.479,TURN_AROUND,1
71.529,TURN_AROUND,1
71.57900000000001,TURN_AROUND,1
71.629,TURN_AROUND,1
71.679,TURN_AROUND,1
71.729,TURN_AROUND,1
71.779,TURN_AROUND,1
71.82900000000001,TURN_AROUND,1
71.879,TURN_AROUND,1
71.929,TURN_AROUND,1
71.979,TURN_AROUND,1
72.029,TURN_AROUND,1
72.07900000000001,TURN_AROUND,1
72.129,TURN_AROUND,1
72.179,TURN_AROUND,1
72.229,TURN_AROUND,1
72.279,TURN_AROUND,1
72.32900000000001,TURN_AROUND,1
72.379,TURN_AROUND,1
72.429,TURN_AROUND,1
72.479,TURN_AROUND,1
72.529,TURN_AROUND,1
72.57900000000001,TURN_AROUND,1
72.629,TURN_AROUND,1
72.679,TURN_AROUND,1
72.729,TURN_AROUND,1
72.779,TURN_AROUND,1
72.82900000000001,TURN_AROUND,1
72.879,TURN_AROUND,1
72.929,TURN_AROUND,1
72.979,TURN_AROUND,1
73.029,TURN_AROUND,1
73.07900000000001,TURN_AROUND,1
73.129,TURN_AROUND,1
73.179,TURN_AROUND,1
73.229,TURN_AROUND,1
73.279,TURN_AROUND,1
73.32900000000001,TURN_AROUND,1
73.379,TURN_AROUND,1
73.429,TURN_AROUND,1
73.479,TURN_AROUND,1
73.529,TURN_AROUND,1
73.58,TURN_AROUND,1
73.629,TURN_AROUND,1
73.679,TURN_AROUND,1
73.729,TURN_AROUND,1
73.779,TURN_AROUND,1
73.82900000000001,TURN_AROUND,1
73.879,TURN_AROUND,1
73.929,TURN_AROUND,1
73.979,TURN_AROUND,1
74.029,TURN_AROUND,1
74.08,TURN_AROUND,1
74.129,TURN_AROUND,1
74.179,TURN_AROUND,1
74.229,TURN_AROUND,1
74.279,TURN_AROUND,1
74.32900000000001,TURN_AROUND,1
74.379,TURN_AROUND,1
74.429,TURN_AROUND,1
74.479,TURN_AROUND,1
74.529,TURN_AROUND,1
74.57900000000001,TURN_AROUND,1
74.629,TURN_AROUND,1
74.679,TURN_AROUND,1
74.729,TURN_AROUND,1
74.779,TURN_AROUND,1
74.82900000000001,TURN_AROUND,1
74.879,TURN_AROUND,1
74.929,TURN_AROUND,1
74.979,TURN_AROUND,1
75.029,TURN_AROUND,1
75.07900000000001,TURN_AROUND,1
75.129,TURN_AROUND,1
75.179,TURN_AROUND,1
75.229,TURN_AROUND,1
75.279,TURN_AROUND,1
75.32900000000001,TURN_AROUND,1
75.379,TURN_AROUND,1
75.429,TURN_AROUND,1
75.479,TURN_AROUND,1
75.529,TURN_AROUND,1
75.57900000000001,TURN_AROUND,1
75.629,TURN_AROUND,1
75.679,TURN_AROUND,1
75.729,TURN_AROUND,1
75.779,TURN_AROUND,1
75.82900000000001,TURN_AROUND,1
75.879,TURN_AROUND,1
75.929,TURN_AROUND,1
75.979,TURN_AROUND,1
76.029,TURN_AROUND,1
76.07900000000001,TURN_AROUND,1
76.129,TURN_AROUND,1
76.179,TURN_AROUND,1
76.229,TURN_AROUND,1
76.279,TURN_AROUND,1
76.32900000000001,TURN_AROUND,1
76.379,TURN_AROUND,1
76.429,TURN_AROUND,1
76.479,TURN_AROUND,1
76.529,TURN_AROUND,1
76.57900000000001,TURN_AROUND,1
76.629,TURN_AROUND,1
76.679,TURN_AROUND,1
76.729,TURN_AROUND,1
76.779,TURN_AROUND,1
76.82900000000001,TURN_AROUND,1
76.879,TURN_AROUND,1
76.929,TURN_AROUND,1
76.979,TURN_AROUND,1
77.029,TURN_AROUND,1
77.081,TURN_AROUND,1
77.129,TURN_AROUND,1
77.179,TURN_AROUND,1
77.229,TURN_AROUND,1
77.279,TURN_AROUND,1
77.32900000000001,TURN_AROUND,1
77.379,TURN_AROUND,1
77.429,TURN_AROUND,1
77.479,TURN_AROUND,1
77.529,TURN_AROUND,1
77.57900000000001,TURN_AROUND,1
77.629,TURN_AROUND,1
77.679,TURN_AROUND,1
77.729,TURN_AROUND,1
77.779,TURN_AROUND,1
77.82900000000001,TURN_AROUND,1
77.879,TURN_AROUND,1
77.929,TURN_AROUND,1
77.979,TURN_AROUND,1
78.029,TURN_AROUND,1
78.07900000000001,TURN_AROUND,1
78.129,TURN_AROUND,1
78.179,TURN_AROUND,1
78.229,TURN_AROUND,1
78.279,TURN_AROUND,1
78.32900000000001,TURN_AROUND,1
78.379,TURN_AROUND,1
78.429,TURN_AROUND,1
78.479,TURN_AROUND,1
78.529,TURN_AROUND,1
78.57900000000001,TURN_AROUND,1
78.629,TURN_AROUND,1
78.679,TURN_AROUND,1
78.729,TURN_AROUND,1
78.779,TURN_AROUND,1
78.82900000000001,TURN_AROUND,1
78.879,TURN_AROUND,1
78.929,TURN_AROUND,1
78.979,TURN_AROUND,1
79.029,TURN_AROUND,1
79.07900000000001,TURN_AROUND,1
79.129,TURN_AROUND,1
79.179,TURN_AROUND,1
79.229,TURN_AROUND,1
79.279,TURN_AROUND,1
79.32900000000001,TURN_AROUND,1
79.379,TURN_AROUND,1
79.429,TURN_AROUND,1
79.479,TURN_AROUND,1
79.529,TURN_AROUND,1
79.57900000000001,TURN_AROUND,1
79.629,TURN_AROUND,1
79.679,TURN_AROUND,1
79.729,TURN_AROUND,1
79.78,TURN_AROUND,1
79.82900000000001,TURN_AROUND,1
79.879,TURN_AROUND,1
79.929,TURN_AROUND,1
79.979,TURN_AROUND,1
80.029,TURN_AROUND,1
80.07900000000001,TURN_AROUND,1
80.129,TURN_AROUND,1
80.179,TURN_AROUND,1
80.229,TURN_AROUND,1
80.279,TURN_AROUND,1
80.32900000000001,TURN_AROUND,1
80.379,TURN_AROUND,1
80.429,TURN_AROUND,1
80.479,TURN_AROUND,1
80.529,TURN_AROUND,1
80.57900000000001,TURN_AROUND,1
80.629,TURN_AROUND,1
80.679,TURN_AROUND,1
80.729,TURN_AROUND,1
80.779,TURN_AROUND,1
80.82900000000001,TURN_AROUND,1
80.879,TURN_AROUND,1
80.929,TURN_AROUND,1
80.979,TURN_AROUND,1
81.029,TURN_AROUND,1
81.07900000000001,TURN_AROUND,1
81.129,TURN_AROUND,1
81.179,TURN_AROUND,1
81.229,TURN_AROUND,1
81.279,TURN_AROUND,1
81.32900000000001,TURN_AROUND,1
81.379,TURN_AROUND,1
81.429,TURN_AROUND,1
81.479,TURN_AROUND,1
81.529,TURN_AROUND,1
81.57900000000001,TURN_AROUND,1
81.629,TURN_AROUND,1
81.679,TURN_AROUND,1
81.729,TURN_AROUND,1
81.779,TURN_AROUND,1
81.82900000000001,TURN_AROUND,1
81.879,TURN_AROUND,1
81.929,TURN_AROUND,1
81.979,TURN_AROUND,1
82.029,TURN_AROUND,1
82.07900000000001,TURN_AROUND,1
82.129,TURN_AROUND,1
82.179,TURN_AROUND,1
82.229,TURN_AROUND,1
82.279,TURN_AROUND,1
82.32900000000001,TURN_AROUND,1
82.379,TURN_AROUND,1
82.429,TURN_AROUND,1
82.479,TURN_AROUND,1
82.529,TURN_AROUND,1
82.58,TURN_AROUND,1
82.629,TURN_AROUND,1
82.679,TURN_AROUND,1
82.729,TURN_AROUND,1
82.779,TURN_AROUND,1
82.82900000000001,TURN_AROUND,1
82.879,TURN_AROUND,1
82.929,TURN_AROUND,1
82.979,TURN_AROUND,1
83.029,RETURN_TO_FINISH_LINE,1
83.07900000000001,RETURN_TO_FINISH_LINE,1
83.129,RETURN_TO_FINISH_LINE,1
83.179,RETURN_TO_FINISH_LINE,1
83.229,RETURN_TO_FINISH_LINE,1
83.279,RETURN_TO_FINISH_LINE,1
83.32900000000001,RETURN_TO_FINISH_LINE,1
83.379,RETURN_TO_FINISH_LINE,1
83.429,RETURN_TO_FINISH_LINE,1
83.479,RETURN_TO_FINISH_LINE,1
83.529,RETURN_TO_FINISH_LINE,1
83.57900000000001,RETURN_TO_FINISH_LINE,1
83.629,RETURN_TO_FINISH_LINE,1
83.679,RETURN_TO_FINISH_LINE,1
83.729,RETURN_TO_FINISH_LINE,1
83.779,RETURN_TO_FINISH_LINE,1
83.82900000000001,RETURN_TO_FINISH_LINE,1
83.879,RETURN_TO_FINISH_LINE,1
83.929,RETURN_TO_FINISH_LINE,1
83.979,RETURN_TO_FINISH_LINE,1
84.029,RETURN_TO_FINISH_LINE,1
84.07900000000001,RETURN_TO_FINISH_LINE,1
84.129,RETURN_TO_FINISH_LINE,1
84.179,RETURN_TO_FINISH_LINE,1
84.229,RETURN_TO_FINISH_LINE,1
84.279,RETURN_TO_FINISH_LINE,1
84.32900000000001,RETURN_TO_FINISH_LINE,1
84.379,RETURN_TO_FINISH_LINE,1
84.429,RETURN_TO_FINISH_LINE,1
84.479,RETURN_TO_FINISH_LINE,1
84.529,RETURN_TO_FINISH_LINE,1
84.57900000000001,RETURN_TO_FINISH_LINE,1
84.629,RETURN_TO_FINISH_LINE,1
84.679,RETURN_TO_FINISH_LINE,1
84.729,RETURN_TO_FINISH_LINE,1
84.779,RETURN_TO_FINISH_LINE,1
84.82900000000001,RETURN_TO_FINISH_LINE,1
84.879,RETURN_TO_FINISH_LINE,1
84.929,RETURN_TO_FINISH_LINE,1
84.979,RETURN_TO_FINISH_LINE,1
85.029,RETURN_TO_FINISH_LINE,1
85.07900000000001,RETURN_TO_FINISH_LINE,1
85.129,RETURN_TO_FINISH_LINE,1
85.179,RETURN_TO_FINISH_LINE,1
85.229,RETURN_TO_FINISH_LINE,1
85.279,RETURN_TO_FINISH_LINE,1
85.32900000000001,RETURN_TO_FINISH_LINE,1
85.379,RETURN_TO_FINISH_LINE,1
85.429,RETURN_TO_FINISH_LINE,1
85.479,RETURN_TO_FINISH_LINE,1
85.529,RETURN_TO_FINISH_LINE,1
85.57900000000001,RETURN_TO_FINISH_LINE,1
85.629,RETURN_TO_FINISH_LINE,1
85.679,RETURN_TO_FINISH_LINE,1
85.729,RETURN_TO_FINISH_LINE,1
85.779,RETURN_TO_FINISH_LINE,1
85.82900000000001,RETURN_TO_FINISH_LINE,1
85.879,RETURN_TO_FINISH_LINE,1
85.929,RETURN_TO_FINISH_LINE,1
85.979,RETURN_TO_FINISH_LINE,1
86.029,RETURN_TO_FINISH_LINE,1
86.07900000000001,RETURN_TO_FINISH_LINE,1
86.129,RETURN_TO_FINISH_LINE,1
86.179,RETURN_TO_FINISH_LINE,1
86.229,RETURN_TO_FINISH_LINE,1
86.279,RETURN_TO_FINISH_LINE,1
86.32900000000001,RETURN_TO_FINISH_LINE,1
86.379,RETURN_TO_FINISH_LINE,1
86.429,RETURN_TO_FINISH_LINE,1
86.479,RETURN_TO_FINISH_LINE,1
86.529,RETURN_TO_FINISH_LINE,1
86.57900000000001,RETURN_TO_FINISH_LINE,1
86.629,RETURN_TO_FINISH_LINE,1
86.679,RETURN_TO_FINISH_LINE,1
86.729,RETURN_TO_FINISH_LINE,1
86.779,RETURN_TO_FINISH_LINE,1
86.82900000000001,RETURN_TO_FINISH_LINE,1
86.879,RETURN_TO_FINISH_LINE,1
86.929,RETURN_TO_FINISH_LINE,1
86.979,RETURN_TO_FINISH_LINE,1
87.029,RETURN_TO_FINISH_LINE,1
87.07900000000001,RETURN_TO_FINISH_LINE,1
87.129,RETURN_TO_FINISH_LINE,1
87.179,RETURN_TO_FINISH_LINE,1
87.229,RETURN_TO_FINISH_LINE,1
87.279,RETURN_TO_FINISH_LINE,1
87.32900000000001,RETURN_TO_FINISH_LINE,1
87.38,RETURN_TO_FINISH_LINE,1
87.429,RETURN_TO_FINISH_LINE,1
87.479,RETURN_TO_FINISH_LINE,1
87.529,RETURN_TO_FINISH_LINE,1
87.57900000000001,RETURN_TO_FINISH_LINE,1
87.629,RETURN_TO_FINISH_LINE,1
87.679,RETURN_TO_FINISH_LINE,1
87.729,RETURN_TO_FINISH_LINE,1
87.779,RETURN_TO_FINISH_LINE,1
87.82900000000001,RETURN_TO_FINISH_LINE,1
87.879,RETURN_TO_FINISH_LINE,1
87.929,RETURN_TO_FINISH_LINE,1
87.979,RETURN_TO_FINISH_LINE,1
88.029,RETURN_TO_FINISH_LINE,1
88.07900000000001,RETURN_TO_FINISH_LINE,1
88.129,RETURN_TO_FINISH_LINE,1
88.179,RETURN_TO_FINISH_LINE,1
88.229,RETURN_TO_FINISH_LINE,1
88.279,RETURN_TO_FINISH_LINE,1
88.32900000000001,RETURN_TO_FINISH_LINE,1
88.379,RETURN_TO_FINISH_LINE,1
88.429,RETURN_TO_FINISH_LINE,1
88.479,RETURN_TO_FINISH_LINE,1
88.529,RETURN_TO_FINISH_LINE,1
88.57900000000001,RETURN_TO_FINISH_LINE,1
88.629,RETURN_TO_FINISH_LINE,1
88.679,RETURN_TO_FINISH_LINE,1
88.729,RETURN_TO_FINISH_LINE,1
88.779,RETURN_TO_FINISH_LINE,1
88.82900000000001,RETURN_TO_FINISH_LINE,1
88.879,RETURN_TO_FINISH_LINE,1
88.929,RETURN_TO_FINISH_LINE,1
88.979,RETURN_TO_FINISH_LINE,1
89.029,RETURN_TO_FINISH_LINE,1
89.07900000000001,RETURN_TO_FINISH_LINE,1
89.129,RETURN_TO_FINISH_LINE,1
89.179,RETURN_TO_FINISH_LINE,1
89.229,RETURN_TO_FINISH_LINE,1
89.279,RETURN_TO_FINISH_LINE,1
89.32900000000001,RETURN_TO_FINISH_LINE,1
89.379,RETURN_TO_FINISH_LINE,1
89.429,RETURN_TO_FINISH_LINE,1
89.479,RETURN_TO_FINISH_LINE,1
89.529,RETURN_TO_FINISH_LINE,1
89.57900000000001,RETURN_TO_FINISH_LINE,1
89.629,RETURN_TO_FINISH_LINE,1
89.679,RETURN_TO_FINISH_LINE,1
89.729,RETURN_TO_FINISH_LINE,1
89.779,RETURN_TO_FINISH_LINE,1
89.82900000000001,RETURN_TO_FINISH_LINE,1
89.879,RETURN_TO_FINISH_LINE,1
89.929,RETURN_TO_FINISH_LINE,1
89.979,RETURN_TO_FINISH_LINE,1
90.03,RETURN_TO_FINISH_LINE,1
90.07900000000001,RETURN_TO_FINISH_LINE,1
90.129,RETURN_TO_FINISH_LINE,1
90.179,RETURN_TO_FINISH_LINE,1
90.229,RETURN_TO_FINISH_LINE,1
90.279,RETURN_TO_FINISH_LINE,1
90.32900000000001,RETURN_TO_FINISH_LINE,1
90.379,RETURN_TO_FINISH_LINE,1
90.429,RETURN_TO_FINISH_LINE,1
90.479,RETURN_TO_FINISH_LINE,1
90.529,RETURN_TO_FINISH_LINE,1
90.57900000000001,RETURN_TO_FINISH_LINE,1
90.629,RETURN_TO_FINISH_LINE,1
90.679,RETURN_TO_FINISH_LINE,1
90.729,RETURN_TO_FINISH_LINE,1
90.779,RETURN_TO_FINISH_LINE,1
90.82900000000001,RETURN_TO_FINISH_LINE,1
90.879,RETURN_TO_FINISH_LINE,1
90.929,RETURN_TO_FINISH_LINE,1
90.979,RETURN_TO_FINISH_LINE,1
91.029,RETURN_TO_FINISH_LINE,1
91.07900000000001,RETURN_TO_FINISH_LINE,1
91.129,RETURN_TO_FINISH_LINE,1
91.179,RETURN_TO_FINISH_LINE,1
91.229,RETURN_TO_FINISH_LINE,1
91.279,RETURN_TO_FINISH_LINE,1
91.32900000000001,RETURN_TO_FINISH_LINE,1
91.379,RETURN_TO_FINISH_LINE,1
91.429,RETURN_TO_FINISH_LINE,1
91.479,RETURN_TO_FINISH_LINE,1
91.529,RETURN_TO_FINISH_LINE,1
91.57900000000001,RETURN_TO_FINISH_LINE,1
91.629,RETURN_TO_FINISH_LINE,1
91.679,RETURN_TO_FINISH_LINE,1
91.729,RETURN_TO_FINISH_LINE,1
91.779,RETURN_TO_FINISH_LINE,1
91.82900000000001,RETURN_TO_FINISH_LINE,1
91.879,RETURN_TO_FINISH_LINE,1
91.929,RETURN_TO_FINISH_LINE,1
91.979,RETURN_TO_FINISH_LINE,1
92.029,RETURN_TO_FINISH_LINE,1
92.07900000000001,RETURN_TO_FINISH_LINE,1
92.129,RETURN_TO_FINISH_LINE,1
92.179,RETURN_TO_FINISH_LINE,1
92.229,RETURN_TO_FINISH_LINE,1
92.279,RETURN_TO_FINISH_LINE,1
92.32900000000001,RETURN_TO_FINISH_LINE,1
92.379,RETURN_TO_FINISH_LINE,1
92.429,RETURN_TO_FINISH_LINE,1
92.479,RETURN_TO_FINISH_LINE,1
92.529,RETURN_TO_FINISH_LINE,1
92.57900000000001,RETURN_TO_FINISH_LINE,1
92.629,RETURN_TO_FINISH_LINE,1
92.679,RETURN_TO_FINISH_LINE,1
92.729,RETURN_TO_FINISH_LINE,1
92.779,RETURN_TO_FINISH_LINE,1
92.82900000000001,RETURN_TO_FINISH_LINE,1
92.879,RETURN_TO_FINISH_LINE,1
92.929,RETURN_TO_FINISH_LINE,1
92.979,RETURN_TO_FINISH_LINE,1
93.029,RETURN_TO_FINISH_LINE,1
93.07900000000001,RETURN_TO_FINISH_LINE,1
93.129,RETURN_TO_FINISH_LINE,1
93.179,RETURN_TO_FINISH_LINE,1
93.229,RETURN_TO_FINISH_LINE,1
93.279,RETURN_TO_FINISH_LINE,1
93.32900000000001,RETURN_TO_FINISH_LINE,1
93.379,RETURN_TO_FINISH_LINE,1
93.429,RETURN_TO_FINISH_LINE,1
93.479,RETURN_TO_FINISH_LINE,1
93.529,RETURN_TO_FINISH_LINE,1
93.57900000000001,RETURN_TO_FINISH_LINE,1
93.629,RETURN_TO_FINISH_LINE,1
93.679,RETURN_TO_FINISH_LINE,1
93.729,RETURN_TO_FINISH_LINE,1
93.779,RETURN_TO_FINISH_LINE,1
93.82900000000001,RETURN_TO_FINISH_LINE,1
93.879,RETURN_TO_FINISH_LINE,1
93.929,RETURN_TO_FINISH_LINE,1
93.979,RETURN_TO_FINISH_LINE,1
94.029,RETURN_TO_FINISH_LINE,1
94.07900000000001,RETURN_TO_FINISH_LINE,1
94.129,RETURN_TO_FINISH_LINE,1
94.179,RETURN_TO_FINISH_LINE,1
94.229,RETURN_TO_FINISH_LINE,1
94.279,RETURN_TO_FINISH_LINE,1
94.32900000000001,RETURN_TO_FINISH_LINE,1
94.379,RETURN_TO_FINISH_LINE,1
94.429,RETURN_TO_FINISH_LINE,1
94.479,RETURN_TO_FINISH_LINE,1
94.529,RETURN_TO_FINISH_LINE,1
94.57900000000001,RETURN_TO_FINISH_LINE,1
94.629,RETURN_TO_FINISH_LINE,1
94.679,RETURN_TO_FINISH_LINE,1
94.729,RETURN_TO_FINISH_LINE,1
94.779,RETURN_TO_FINISH_LINE,1
94.82900000000001,RETURN_TO_FINISH_LINE,1
94.879,RETURN_TO_FINISH_LINE,1
94.929,RETURN_TO_FINISH_LINE,1
94.979,RETURN_TO_FINISH_LINE,1
95.029,RETURN_TO_FINISH_LINE,1
95.07900000000001,RETURN_TO_FINISH_LINE,1
95.129,RETURN_TO_FINISH_LINE,1
95.179,RETURN_TO_FINISH_LINE,1
95.229,RETURN_TO_FINISH_LINE,1
95.279,RETURN_TO_FINISH_LINE,1
95.32900000000001,RETURN_TO_FINISH_LINE,1
95.379,RETURN_TO_FINISH_LINE,1
95.429,RETURN_TO_FINISH_LINE,1
95.479,RETURN_TO_FINISH_LINE,1
95.529,RETURN_TO_FINISH_LINE,1
95.57900000000001,RETURN_TO_FINISH_LINE,1
95.629,RETURN_TO_FINISH_LINE,1
95.679,RETURN_TO_FINISH_LINE,1
95.729,RETURN_TO_FINISH_LINE,1
95.779,RETURN_TO_FINISH_LINE,1
95.82900000000001,RETURN_TO_FINISH_LINE,1
95.879,RETURN_TO_FINISH_LINE,1
95.929,RETURN_TO_FINISH_LINE,1
95.979,RETURN_TO_FINISH_LINE,1
96.029,RETURN_TO_FINISH_LINE,1
96.07900000000001,RETURN_TO_FINISH_LINE,1
96.129,RETURN_TO_FINISH_LINE,1
96.179,RETURN_TO_FINISH_LINE,1
96.229,RETURN_TO_FINISH_LINE,1
96.279,RETURN_TO_FINISH_LINE,1
96.32900000000001,RETURN_TO_FINISH_LINE,1
96.379,RETURN_TO_FINISH_LINE,1
96.429,RETURN_TO_FINISH_LINE,1
96.479,RETURN_TO_FINISH_LINE,1
96.529,RETURN_TO_FINISH_LINE,1
96.57900000000001,RETURN_TO_FINISH_LINE,1
96.629,RETURN_TO_FINISH_LINE,1
96.679,RETURN_TO_FINISH_LINE,1
96.729,RETURN_TO_FINISH_LINE,1
96.779,RETURN_TO_FINISH_LINE,1
96.82900000000001,RETURN_TO_FINISH_LINE,1
96.879,RETURN_TO_FINISH_LINE,1
96.929,RETURN_TO_FINISH_LINE,1
96.979,RETURN_TO_FINISH_LINE,1
97.029,RETURN_TO_FINISH_LINE,1
97.07900000000001,RETURN_TO_FINISH_LINE,1
97.129,RETURN_TO_FINISH_LINE,1
97.179,RETURN_TO_FINISH_LINE,1
97.229,RETURN_TO_FINISH_LINE,1
97.279,RETURN_TO_FINISH_LINE,1
97.32900000000001,RETURN_TO_FINISH_LINE,1
97.379,RETURN_TO_FINISH_LINE,1
97.429,RETURN_TO_FINISH_LINE,1
97.479,RETURN_TO_FINISH_LINE,1
97.529,RETURN_TO_FINISH_LINE,1
97.57900000000001,RETURN_TO_FINISH_LINE,1
97.629,RETURN_TO_FINISH_LINE,1
97.681,RETURN_TO_FINISH_LINE,1
97.729,RETURN_TO_FINISH_LINE,1
97.78,RETURN_TO_FINISH_LINE,1
97.82900000000001,RETURN_TO_FINISH_LINE,1
97.879,RETURN_TO_FINISH_LINE,1
97.929,RETURN_TO_FINISH_LINE,1
97.979,RETURN_TO_FINISH_LINE,1
98.029,RETURN_TO_FINISH_LINE,1
98.07900000000001,RETURN_TO_FINISH_LINE,1
98.129,RETURN_TO_FINISH_LINE,1
98.179,RETURN_TO_FINISH_LINE,1
98.229,RETURN_TO_FINISH_LINE,1
98.279,RETURN_TO_FINISH_LINE,1
98.32900000000001,RETURN_TO_FINISH_LINE,1
98.379,RETURN_TO_FINISH_LINE,1
98.429,RETURN_TO_FINISH_LINE,1
98.479,RETURN_TO_FINISH_LINE,1
98.529,RETURN_TO_FINISH_LINE,1
98.57900000000001,RETURN_TO_FINISH_LINE,1
98.629,RETURN_TO_FINISH_LINE,1
98.679,RETURN_TO_FINISH_LINE,1
98.729,RETURN_TO_FINISH_LINE,1
98.779,RETURN_TO_FINISH_LINE,1
98.82900000000001,RETURN_TO_FINISH_LINE,1
98.879,RETURN_TO_FINISH_LINE,1
98.929,RETURN_TO_FINISH_LINE,1
98.979,RETURN_TO_FINISH_LINE,1
99.029,RETURN_TO_FINISH_LINE,1
99.07900000000001,RETURN_TO_FINISH_LINE,1
99.129,RETURN_TO_FINISH_LINE,1
99.179,RETURN_TO_FINISH_LINE,1
99.229,RETURN_TO_FINISH_LINE,1
99.279,RETURN_TO_FINISH_LINE,1
99.32900000000001,RETURN_TO_FINISH_LINE,1
99.379,RETURN_TO_FINISH_LINE,1
99.429,RETURN_TO_FINISH_LINE,1
99.479,RETURN_TO_FINISH_LINE,1
99.529,RETURN_TO_FINISH_LINE,1
99.57900000000001,RETURN_TO_FINISH_LINE,1
99.629,RETURN_TO_FINISH_LINE,1
99.679,RETURN_TO_FINISH_LINE,1
99.729,RETURN_TO_FINISH_LINE,1
99.779,RETURN_TO_FINISH_LINE,1
99.82900000000001,RETURN_TO_FINISH_LINE,1
99.879,RETURN_TO_FINISH_LINE,1
99.929,RETURN_TO_FINISH_LINE,1
99.979,RETURN_TO_FINISH_LINE,1
100.029,RETURN_TO_FINISH_LINE,1
100.07900000000001,RETURN_TO_FINISH_LINE,1
100.129,RETURN_TO_FINISH_LINE,1
100.179,RETURN_TO_FINISH_LINE,1
100.229,RETURN_TO_FINISH_LINE,1
100.279,RETURN_TO_FINISH_LINE,1
100.32900000000001,RETURN_TO_FINISH_LINE,1
100.379,RETURN_TO_FINISH_LINE,1
100.429,RETURN_TO_FINISH_LINE,1
100.479,RETURN_TO_FINISH_LINE,1
100.529,RETURN_TO_FINISH_LINE,1
100.57900000000001,RETURN_TO_FINISH_LINE,1
100.629,RETURN_TO_FINISH_LINE,1
100.679,RETURN_TO_FINISH_LINE,1
100.729,RETURN_TO_FINISH_LINE,1
100.779,RETURN_TO_FINISH_LINE,1
100.82900000000001,RETURN_TO_FINISH_LINE,1
100.879,RETURN_TO_FINISH_LINE,1
100.929,RETURN_TO_FINISH_LINE,1
100.979,RETURN_TO_FINISH_LINE,1
101.029,RETURN_TO_FINISH_LINE,1
101.07900000000001,RETURN_TO_FINISH_LINE,1
101.129,RETURN_TO_FINISH_LINE,1
101.179,RETURN_TO_FINISH_LINE,1
101.229,RETURN_TO_FINISH_LINE,1
101.279,RETURN_TO_FINISH_LINE,1
101.32900000000001,RETURN_TO_FINISH_LINE,1
101.379,RETURN_TO_FINISH_LINE,1
101.429,RETURN_TO_FINISH_LINE,1
101.479,RETURN_TO_FINISH_LINE,1
101.529,RETURN_TO_FINISH_LINE,1
101.57900000000001,RETURN_TO_FINISH_LINE,1
101.629,RETURN_TO_FINISH_LINE,1
101.679,RETURN_TO_FINISH_LINE,1
101.729,RETURN_TO_FINISH_LINE,1
101.779,RETURN_TO_FINISH_LINE,1
101.82900000000001,RETURN_TO_FINISH_LINE,1
101.879,RETURN_TO_FINISH_LINE,1
101.929,RETURN_TO_FINISH_LINE,1
101.979,RETURN_TO_FINISH_LINE,1
102.029,RETURN_TO_FINISH_LINE,1
102.07900000000001,RETURN_TO_FINISH_LINE,1
102.129,RETURN_TO_FINISH_LINE,1
102.179,RETURN_TO_FINISH_LINE,1
102.229,RETURN_TO_FINISH_LINE,1
102.279,RETURN_TO_FINISH_LINE,1
102.32900000000001,RETURN_TO_FINISH_LINE,1
102.379,RETURN_TO_FINISH_LINE,1
102.429,RETURN_TO_FINISH_LINE,1
102.479,RETURN_TO_FINISH_LINE,1
102.529,RETURN_TO_FINISH_LINE,1
102.57900000000001,RETURN_TO_FINISH_LINE,1
102.629,RETURN_TO_FINISH_LINE,1
102.679,RETURN_TO_FINISH_LINE,1
102.729,RETURN_TO_FINISH_LINE,1
102.779,RETURN_TO_FINISH_LINE,1
102.82900000000001,RETURN_TO_FINISH_LINE,1
102.879,RETURN_TO_FINISH_LINE,1
102.929,RETURN_TO_FINISH_LINE,1
102.979,RETURN_TO_FINISH_LINE,1
103.029,RETURN_TO_FINISH_LINE,1
103.07900000000001,RETURN_TO_FINISH_LINE,1
103.129,RETURN_TO_FINISH_LINE,1
103.179,RETURN_TO_FINISH_LINE,1
103.229,RETURN_TO_FINISH_LINE,1
103.279,RETURN_TO_FINISH_LINE,1
103.32900000000001,RETURN_TO_FINISH_LINE,1
103.379,RETURN_TO_FINISH_LINE,1
103.429,RETURN_TO_FINISH_LINE,1
103.479,RETURN_TO_FINISH_LINE,1
103.529,RETURN_TO_FINISH_LINE,1
103.57900000000001,RETURN_TO_FINISH_LINE,1
103.629,RETURN_TO_FINISH_LINE,1
103.679,RETURN_TO_FINISH_LINE,1
103.729,RETURN_TO_FINISH_LINE,1
103.779,RETURN_TO_FINISH_LINE,1
103.82900000000001,RETURN_TO_FINISH_LINE,1
103.879,RETURN_TO_FINISH_LINE,1
103.929,RETURN_TO_FINISH_LINE,1
103.979,RETURN_TO_FINISH_LINE,1
104.029,RETURN_TO_FINISH_LINE,1
104.07900000000001,RETURN_TO_FINISH_LINE,1
104.129,RETURN_TO_FINISH_LINE,1
104.179,RETURN_TO_FINISH_LINE,1
104.229,RETURN_TO_FINISH_LINE,1
104.279,RETURN_TO_FINISH_LINE,1
104.32900000000001,RETURN_TO_FINISH_LINE,1
104.379,RETURN_TO_FINISH_LINE,1
104.429,RETURN_TO_FINISH_LINE,1
104.479,RETURN_TO_FINISH_LINE,1
104.529,RETURN_TO_FINISH_LINE,1
104.57900000000001,RETURN_TO_FINISH_LINE,1
104.629,RETURN_TO_FINISH_LINE,1
104.679,RETURN_TO_FINISH_LINE,1
104.729,RETURN_TO_FINISH_LINE,1
104.779,RETURN_TO_FINISH_LINE,1
104.82900000000001,RETURN_TO_FINISH_LINE,1
104.879,RETURN_TO_FINISH_LINE,1
104.929,RETURN_TO_FINISH_LINE,1
104.979,RETURN_TO_FINISH_LINE,1
105.029,RETURN_TO_FINISH_LINE,1
105.07900000000001,RETURN_TO_FINISH_LINE,1
105.129,RETURN_TO_FINISH_LINE,1
105.179,RETURN_TO_FINISH_LINE,1
105.229,RETURN_TO_FINISH_LINE,1
105.279,RETURN_TO_FINISH_LINE,1
105.32900000000001,RETURN_TO_FINISH_LINE,1
105.379,RETURN_TO_FINISH_LINE,1
105.429,RETURN_TO_FINISH_LINE,1
105.479,RETURN_TO_FINISH_LINE,1
105.529,RETURN_TO_FINISH_LINE,1
105.57900000000001,RETURN_TO_FINISH_LINE,1
105.629,RETURN_TO_FINISH_LINE,1
105.679,RETURN_TO_FINISH_LINE,1
105.729,RETURN_TO_FINISH_LINE,1
105.779,RETURN_TO_FINISH_LINE,1
105.82900000000001,RETURN_TO_FINISH_LINE,1
105.879,RETURN_TO_FINISH_LINE,1
105.929,RETURN_TO_FINISH_LINE,1
105.979,RETURN_TO_FINISH_LINE,1
106.029,RETURN_TO_FINISH_LINE,1
106.07900000000001,RETURN_TO_FINISH_LINE,1
106.129,RETURN_TO_FINISH_LINE,1
106.179,RETURN_TO_FINISH_LINE,1
106.229,RETURN_TO_FINISH_LINE,1
106.279,RETURN_TO_FINISH_LINE,1
106.32900000000001,RETURN_TO_FINISH_LINE,1
106.379,RETURN_TO_FINISH_LINE,1
106.429,RETURN_TO_FINISH_LINE,1
106.479,RETURN_TO_FINISH_LINE,1
106.529,RETURN_TO_FINISH_LINE,1
106.57900000000001,RETURN_TO_FINISH_LINE,1
106.629,RETURN_TO_FINISH_LINE,1
106.679,RETURN_TO_FINISH_LINE,1
106.729,RETURN_TO_FINISH_LINE,1
106.779,RETURN_TO_FINISH_LINE,1
106.82900000000001,RETURN_TO_FINISH_LINE,1
106.879,RETURN_TO_FINISH_LINE,1
106.929,RETURN_TO_FINISH_LINE,1
106.979,RETURN_TO_FINISH_LINE,1
107.029,RETURN_TO_FINISH_LINE,1
107.07900000000001,RETURN_TO_FINISH_LINE,1
107.129,RETURN_TO_FINISH_LINE,1
107.179,RETURN_TO_FINISH_LINE,1
107.229,RETURN_TO_FINISH_LINE,1
107.279,RETURN_TO_FINISH_LINE,1
107.32900000000001,RETURN_TO_FINISH_LINE,1
107.379,RETURN_TO_FINISH_LINE,1
107.429,RETURN_TO_FINISH_LINE,1
107.479,RETURN_TO_FINISH_LINE,1
107.529,RETURN_TO_FINISH_LINE,1
107.57900000000001,RETURN_TO_FINISH_LINE,1
107.629,RETURN_TO_FINISH_LINE,1
107.679,RETURN_TO_FINISH_LINE,1
107.729,RETURN_TO_FINISH_LINE,1
107.779,RETURN_TO_FINISH_LINE,1
107.82900000000001,CUT_POWER,1
107.879,COMPLETE,1
